
> notionforge@0.1.0 start
> next start

   ▲ Next.js 15.4.11
   - Local:        http://localhost:3000
   - Network:      http://100.83.58.39:3000

 ✓ Starting...
[instrumentation] registered
 ✓ Ready in 813ms
Yjs was already imported. This breaks constructor checks and will lead to issues! - https://github.com/yjs/yjs/issues/438
Yjs was already imported. This breaks constructor checks and will lead to issues! - https://github.com/yjs/yjs/issues/438
[22:36:00] [33mWARN[39m: [36mNo email adapter provided. Email will be written to console. More info at https://payloadcms.com/docs/email/overview.[39m
[Error: Failed to find Server Action "40977c843f1e1040b2b7eefcca5a50647ee8293359". This request might be from an older or newer deployment.
Read more: https://nextjs.org/docs/messages/failed-to-find-server-action]
[Error: Failed to find Server Action "600a58fa31dffd9beafc0e73978c6de34caa736c26". This request might be from an older or newer deployment.
Read more: https://nextjs.org/docs/messages/failed-to-find-server-action]
[Error: Failed to find Server Action "4006abb74b69c6cb247602dad7da628cc106dae37c". This request might be from an older or newer deployment.
Read more: https://nextjs.org/docs/messages/failed-to-find-server-action]
[Error: Failed to find Server Action "4069bc85932dc525b1fba1df1aff94d7e1ef60ffb8". This request might be from an older or newer deployment.
Read more: https://nextjs.org/docs/messages/failed-to-find-server-action]
[22:36:29] [31mERROR[39m: [36mYou are not allowed to perform this action.[39m
    err: {
      "type": "g",
      "message": "You are not allowed to perform this action.",
      "stack":
          g: You are not allowed to perform this action.
              at e (E:\Digitech\softwares\notionharness\.next\server\chunks\9142.js:182:41696)
              at process.processTicksAndRejections (node:internal/process/task_queues:104:5)
              at async u (E:\Digitech\softwares\notionharness\.next\server\chunks\9142.js:150:44320)
              at async be (E:\Digitech\softwares\notionharness\.next\server\chunks\9142.js:324:84595)
              at async q (E:\Digitech\softwares\notionharness\.next\server\app\(payload)\api\[...slug]\route.js:1:11561)
              at async E:\Digitech\softwares\notionharness\.next\server\app\(payload)\api\[...slug]\route.js:1:14241
              at async E:\Digitech\softwares\notionharness\.next\server\app\(payload)\api\[...slug]\route.js:1:6428
              at async rb.do (E:\Digitech\softwares\notionharness\node_modules\next\dist\compiled\next-server\app-route.runtime.prod.js:5:21059)
              at async rb.handle (E:\Digitech\softwares\notionharness\node_modules\next\dist\compiled\next-server\app-route.runtime.prod.js:5:25902)
              at async k (E:\Digitech\softwares\notionharness\.next\server\app\(payload)\api\[...slug]\route.js:1:3244)
      "data": null,
      "isOperational": true,
      "isPublic": true,
      "status": 403,
      "name": "g"
    }
[Error: Failed to find Server Action "40977c843f1e1040b2b7eefcca5a50647ee8293359". This request might be from an older or newer deployment.
Read more: https://nextjs.org/docs/messages/failed-to-find-server-action]
[Error: Failed to find Server Action "600a58fa31dffd9beafc0e73978c6de34caa736c26". This request might be from an older or newer deployment.
Read more: https://nextjs.org/docs/messages/failed-to-find-server-action]
[Error: Failed to find Server Action "4006abb74b69c6cb247602dad7da628cc106dae37c". This request might be from an older or newer deployment.
Read more: https://nextjs.org/docs/messages/failed-to-find-server-action]
[Error: Failed to find Server Action "4069bc85932dc525b1fba1df1aff94d7e1ef60ffb8". This request might be from an older or newer deployment.
Read more: https://nextjs.org/docs/messages/failed-to-find-server-action]
[Error: Failed to find Server Action "600a58fa31dffd9beafc0e73978c6de34caa736c26". This request might be from an older or newer deployment.
Read more: https://nextjs.org/docs/messages/failed-to-find-server-action]
[Error: Failed to find Server Action "40977c843f1e1040b2b7eefcca5a50647ee8293359". This request might be from an older or newer deployment.
Read more: https://nextjs.org/docs/messages/failed-to-find-server-action]
[Error: Failed to find Server Action "4069bc85932dc525b1fba1df1aff94d7e1ef60ffb8". This request might be from an older or newer deployment.
Read more: https://nextjs.org/docs/messages/failed-to-find-server-action]
[Error: Failed to find Server Action "4006abb74b69c6cb247602dad7da628cc106dae37c". This request might be from an older or newer deployment.
Read more: https://nextjs.org/docs/messages/failed-to-find-server-action]
[Error: Failed to find Server Action "600a58fa31dffd9beafc0e73978c6de34caa736c26". This request might be from an older or newer deployment.
Read more: https://nextjs.org/docs/messages/failed-to-find-server-action]
[Error: Failed to find Server Action "40977c843f1e1040b2b7eefcca5a50647ee8293359". This request might be from an older or newer deployment.
Read more: https://nextjs.org/docs/messages/failed-to-find-server-action]
[Error: Failed to find Server Action "4069bc85932dc525b1fba1df1aff94d7e1ef60ffb8". This request might be from an older or newer deployment.
Read more: https://nextjs.org/docs/messages/failed-to-find-server-action]
[Error: Failed to find Server Action "4006abb74b69c6cb247602dad7da628cc106dae37c". This request might be from an older or newer deployment.
Read more: https://nextjs.org/docs/messages/failed-to-find-server-action]
[Error: Failed to find Server Action "40977c843f1e1040b2b7eefcca5a50647ee8293359". This request might be from an older or newer deployment.
Read more: https://nextjs.org/docs/messages/failed-to-find-server-action]
[Error: Failed to find Server Action "600a58fa31dffd9beafc0e73978c6de34caa736c26". This request might be from an older or newer deployment.
Read more: https://nextjs.org/docs/messages/failed-to-find-server-action]
[Error: Failed to find Server Action "4006abb74b69c6cb247602dad7da628cc106dae37c". This request might be from an older or newer deployment.
Read more: https://nextjs.org/docs/messages/failed-to-find-server-action]
[Error: Failed to find Server Action "4069bc85932dc525b1fba1df1aff94d7e1ef60ffb8". This request might be from an older or newer deployment.
Read more: https://nextjs.org/docs/messages/failed-to-find-server-action]
[Error: Failed to find Server Action "40977c843f1e1040b2b7eefcca5a50647ee8293359". This request might be from an older or newer deployment.
Read more: https://nextjs.org/docs/messages/failed-to-find-server-action]
[Error: Failed to find Server Action "600a58fa31dffd9beafc0e73978c6de34caa736c26". This request might be from an older or newer deployment.
Read more: https://nextjs.org/docs/messages/failed-to-find-server-action]
[Error: Failed to find Server Action "4069bc85932dc525b1fba1df1aff94d7e1ef60ffb8". This request might be from an older or newer deployment.
Read more: https://nextjs.org/docs/messages/failed-to-find-server-action]
[Error: Failed to find Server Action "4006abb74b69c6cb247602dad7da628cc106dae37c". This request might be from an older or newer deployment.
Read more: https://nextjs.org/docs/messages/failed-to-find-server-action]
[Error: Failed to find Server Action "600a58fa31dffd9beafc0e73978c6de34caa736c26". This request might be from an older or newer deployment.
Read more: https://nextjs.org/docs/messages/failed-to-find-server-action]
[Error: Failed to find Server Action "40977c843f1e1040b2b7eefcca5a50647ee8293359". This request might be from an older or newer deployment.
Read more: https://nextjs.org/docs/messages/failed-to-find-server-action]
[Error: Failed to find Server Action "4069bc85932dc525b1fba1df1aff94d7e1ef60ffb8". This request might be from an older or newer deployment.
Read more: https://nextjs.org/docs/messages/failed-to-find-server-action]
[Error: Failed to find Server Action "4006abb74b69c6cb247602dad7da628cc106dae37c". This request might be from an older or newer deployment.
Read more: https://nextjs.org/docs/messages/failed-to-find-server-action]
[Error: Failed to find Server Action "40977c843f1e1040b2b7eefcca5a50647ee8293359". This request might be from an older or newer deployment.
Read more: https://nextjs.org/docs/messages/failed-to-find-server-action]
[Error: Failed to find Server Action "600a58fa31dffd9beafc0e73978c6de34caa736c26". This request might be from an older or newer deployment.
Read more: https://nextjs.org/docs/messages/failed-to-find-server-action]
[Error: Failed to find Server Action "4006abb74b69c6cb247602dad7da628cc106dae37c". This request might be from an older or newer deployment.
Read more: https://nextjs.org/docs/messages/failed-to-find-server-action]
[Error: Failed to find Server Action "4069bc85932dc525b1fba1df1aff94d7e1ef60ffb8". This request might be from an older or newer deployment.
Read more: https://nextjs.org/docs/messages/failed-to-find-server-action]
[Error: Failed to find Server Action "40977c843f1e1040b2b7eefcca5a50647ee8293359". This request might be from an older or newer deployment.
Read more: https://nextjs.org/docs/messages/failed-to-find-server-action]
[Error: Failed to find Server Action "600a58fa31dffd9beafc0e73978c6de34caa736c26". This request might be from an older or newer deployment.
Read more: https://nextjs.org/docs/messages/failed-to-find-server-action]
[Error: Failed to find Server Action "4006abb74b69c6cb247602dad7da628cc106dae37c". This request might be from an older or newer deployment.
Read more: https://nextjs.org/docs/messages/failed-to-find-server-action]
[Error: Failed to find Server Action "4069bc85932dc525b1fba1df1aff94d7e1ef60ffb8". This request might be from an older or newer deployment.
Read more: https://nextjs.org/docs/messages/failed-to-find-server-action]
[Error: Failed to find Server Action "600a58fa31dffd9beafc0e73978c6de34caa736c26". This request might be from an older or newer deployment.
Read more: https://nextjs.org/docs/messages/failed-to-find-server-action]
[Error: Failed to find Server Action "40977c843f1e1040b2b7eefcca5a50647ee8293359". This request might be from an older or newer deployment.
Read more: https://nextjs.org/docs/messages/failed-to-find-server-action]
[Error: Failed to find Server Action "4069bc85932dc525b1fba1df1aff94d7e1ef60ffb8". This request might be from an older or newer deployment.
Read more: https://nextjs.org/docs/messages/failed-to-find-server-action]
[Error: Failed to find Server Action "4006abb74b69c6cb247602dad7da628cc106dae37c". This request might be from an older or newer deployment.
Read more: https://nextjs.org/docs/messages/failed-to-find-server-action]
[Error: Failed to find Server Action "600a58fa31dffd9beafc0e73978c6de34caa736c26". This request might be from an older or newer deployment.
Read more: https://nextjs.org/docs/messages/failed-to-find-server-action]
[Error: Failed to find Server Action "40977c843f1e1040b2b7eefcca5a50647ee8293359". This request might be from an older or newer deployment.
Read more: https://nextjs.org/docs/messages/failed-to-find-server-action]
[Error: Failed to find Server Action "4069bc85932dc525b1fba1df1aff94d7e1ef60ffb8". This request might be from an older or newer deployment.
Read more: https://nextjs.org/docs/messages/failed-to-find-server-action]
[Error: Failed to find Server Action "4006abb74b69c6cb247602dad7da628cc106dae37c". This request might be from an older or newer deployment.
Read more: https://nextjs.org/docs/messages/failed-to-find-server-action]
[Error: Failed to find Server Action "600a58fa31dffd9beafc0e73978c6de34caa736c26". This request might be from an older or newer deployment.
Read more: https://nextjs.org/docs/messages/failed-to-find-server-action]
[Error: Failed to find Server Action "40977c843f1e1040b2b7eefcca5a50647ee8293359". This request might be from an older or newer deployment.
Read more: https://nextjs.org/docs/messages/failed-to-find-server-action]
[Error: Failed to find Server Action "4006abb74b69c6cb247602dad7da628cc106dae37c". This request might be from an older or newer deployment.
Read more: https://nextjs.org/docs/messages/failed-to-find-server-action]
[Error: Failed to find Server Action "4069bc85932dc525b1fba1df1aff94d7e1ef60ffb8". This request might be from an older or newer deployment.
Read more: https://nextjs.org/docs/messages/failed-to-find-server-action]
[Error: Failed to find Server Action "600a58fa31dffd9beafc0e73978c6de34caa736c26". This request might be from an older or newer deployment.
Read more: https://nextjs.org/docs/messages/failed-to-find-server-action]
[Error: Failed to find Server Action "40977c843f1e1040b2b7eefcca5a50647ee8293359". This request might be from an older or newer deployment.
Read more: https://nextjs.org/docs/messages/failed-to-find-server-action]
[Error: Failed to find Server Action "4069bc85932dc525b1fba1df1aff94d7e1ef60ffb8". This request might be from an older or newer deployment.
Read more: https://nextjs.org/docs/messages/failed-to-find-server-action]
[Error: Failed to find Server Action "4006abb74b69c6cb247602dad7da628cc106dae37c". This request might be from an older or newer deployment.
Read more: https://nextjs.org/docs/messages/failed-to-find-server-action]
[Error: Failed to find Server Action "600a58fa31dffd9beafc0e73978c6de34caa736c26". This request might be from an older or newer deployment.
Read more: https://nextjs.org/docs/messages/failed-to-find-server-action]
[Error: Failed to find Server Action "40977c843f1e1040b2b7eefcca5a50647ee8293359". This request might be from an older or newer deployment.
Read more: https://nextjs.org/docs/messages/failed-to-find-server-action]
[Error: Failed to find Server Action "4069bc85932dc525b1fba1df1aff94d7e1ef60ffb8". This request might be from an older or newer deployment.
Read more: https://nextjs.org/docs/messages/failed-to-find-server-action]
[Error: Failed to find Server Action "4006abb74b69c6cb247602dad7da628cc106dae37c". This request might be from an older or newer deployment.
Read more: https://nextjs.org/docs/messages/failed-to-find-server-action]
[Error: Failed to find Server Action "600a58fa31dffd9beafc0e73978c6de34caa736c26". This request might be from an older or newer deployment.
Read more: https://nextjs.org/docs/messages/failed-to-find-server-action]
[Error: Failed to find Server Action "40977c843f1e1040b2b7eefcca5a50647ee8293359". This request might be from an older or newer deployment.
Read more: https://nextjs.org/docs/messages/failed-to-find-server-action]
[Error: Failed to find Server Action "4069bc85932dc525b1fba1df1aff94d7e1ef60ffb8". This request might be from an older or newer deployment.
Read more: https://nextjs.org/docs/messages/failed-to-find-server-action]
[Error: Failed to find Server Action "4006abb74b69c6cb247602dad7da628cc106dae37c". This request might be from an older or newer deployment.
Read more: https://nextjs.org/docs/messages/failed-to-find-server-action]
[Error: Failed to find Server Action "40977c843f1e1040b2b7eefcca5a50647ee8293359". This request might be from an older or newer deployment.
Read more: https://nextjs.org/docs/messages/failed-to-find-server-action]
[Error: Failed to find Server Action "600a58fa31dffd9beafc0e73978c6de34caa736c26". This request might be from an older or newer deployment.
Read more: https://nextjs.org/docs/messages/failed-to-find-server-action]
[Error: Failed to find Server Action "4069bc85932dc525b1fba1df1aff94d7e1ef60ffb8". This request might be from an older or newer deployment.
Read more: https://nextjs.org/docs/messages/failed-to-find-server-action]
[Error: Failed to find Server Action "4006abb74b69c6cb247602dad7da628cc106dae37c". This request might be from an older or newer deployment.
Read more: https://nextjs.org/docs/messages/failed-to-find-server-action]
[Error: Failed to find Server Action "40977c843f1e1040b2b7eefcca5a50647ee8293359". This request might be from an older or newer deployment.
Read more: https://nextjs.org/docs/messages/failed-to-find-server-action]
[Error: Failed to find Server Action "600a58fa31dffd9beafc0e73978c6de34caa736c26". This request might be from an older or newer deployment.
Read more: https://nextjs.org/docs/messages/failed-to-find-server-action]
[Error: Failed to find Server Action "4069bc85932dc525b1fba1df1aff94d7e1ef60ffb8". This request might be from an older or newer deployment.
Read more: https://nextjs.org/docs/messages/failed-to-find-server-action]
[Error: Failed to find Server Action "4006abb74b69c6cb247602dad7da628cc106dae37c". This request might be from an older or newer deployment.
Read more: https://nextjs.org/docs/messages/failed-to-find-server-action]
[Error: Failed to find Server Action "600a58fa31dffd9beafc0e73978c6de34caa736c26". This request might be from an older or newer deployment.
Read more: https://nextjs.org/docs/messages/failed-to-find-server-action]
[Error: Failed to find Server Action "40977c843f1e1040b2b7eefcca5a50647ee8293359". This request might be from an older or newer deployment.
Read more: https://nextjs.org/docs/messages/failed-to-find-server-action]
[Error: Failed to find Server Action "4069bc85932dc525b1fba1df1aff94d7e1ef60ffb8". This request might be from an older or newer deployment.
Read more: https://nextjs.org/docs/messages/failed-to-find-server-action]
[Error: Failed to find Server Action "4006abb74b69c6cb247602dad7da628cc106dae37c". This request might be from an older or newer deployment.
Read more: https://nextjs.org/docs/messages/failed-to-find-server-action]
[Error: Failed to find Server Action "600a58fa31dffd9beafc0e73978c6de34caa736c26". This request might be from an older or newer deployment.
Read more: https://nextjs.org/docs/messages/failed-to-find-server-action]
[Error: Failed to find Server Action "40977c843f1e1040b2b7eefcca5a50647ee8293359". This request might be from an older or newer deployment.
Read more: https://nextjs.org/docs/messages/failed-to-find-server-action]
[Error: Failed to find Server Action "4069bc85932dc525b1fba1df1aff94d7e1ef60ffb8". This request might be from an older or newer deployment.
Read more: https://nextjs.org/docs/messages/failed-to-find-server-action]
[Error: Failed to find Server Action "4006abb74b69c6cb247602dad7da628cc106dae37c". This request might be from an older or newer deployment.
Read more: https://nextjs.org/docs/messages/failed-to-find-server-action]
[Error: Failed to find Server Action "600a58fa31dffd9beafc0e73978c6de34caa736c26". This request might be from an older or newer deployment.
Read more: https://nextjs.org/docs/messages/failed-to-find-server-action]
[Error: Failed to find Server Action "40977c843f1e1040b2b7eefcca5a50647ee8293359". This request might be from an older or newer deployment.
Read more: https://nextjs.org/docs/messages/failed-to-find-server-action]
[Error: Failed to find Server Action "4069bc85932dc525b1fba1df1aff94d7e1ef60ffb8". This request might be from an older or newer deployment.
Read more: https://nextjs.org/docs/messages/failed-to-find-server-action]
[Error: Failed to find Server Action "4006abb74b69c6cb247602dad7da628cc106dae37c". This request might be from an older or newer deployment.
Read more: https://nextjs.org/docs/messages/failed-to-find-server-action]
[Error: Failed to find Server Action "40977c843f1e1040b2b7eefcca5a50647ee8293359". This request might be from an older or newer deployment.
Read more: https://nextjs.org/docs/messages/failed-to-find-server-action]
[Error: Failed to find Server Action "600a58fa31dffd9beafc0e73978c6de34caa736c26". This request might be from an older or newer deployment.
Read more: https://nextjs.org/docs/messages/failed-to-find-server-action]
[Error: Failed to find Server Action "4006abb74b69c6cb247602dad7da628cc106dae37c". This request might be from an older or newer deployment.
Read more: https://nextjs.org/docs/messages/failed-to-find-server-action]
[Error: Failed to find Server Action "4069bc85932dc525b1fba1df1aff94d7e1ef60ffb8". This request might be from an older or newer deployment.
Read more: https://nextjs.org/docs/messages/failed-to-find-server-action]
[Error: Failed to find Server Action "600a58fa31dffd9beafc0e73978c6de34caa736c26". This request might be from an older or newer deployment.
Read more: https://nextjs.org/docs/messages/failed-to-find-server-action]
[Error: Failed to find Server Action "40977c843f1e1040b2b7eefcca5a50647ee8293359". This request might be from an older or newer deployment.
Read more: https://nextjs.org/docs/messages/failed-to-find-server-action]
[Error: Failed to find Server Action "4069bc85932dc525b1fba1df1aff94d7e1ef60ffb8". This request might be from an older or newer deployment.
Read more: https://nextjs.org/docs/messages/failed-to-find-server-action]
[Error: Failed to find Server Action "4006abb74b69c6cb247602dad7da628cc106dae37c". This request might be from an older or newer deployment.
Read more: https://nextjs.org/docs/messages/failed-to-find-server-action]
[Error: Failed to find Server Action "600a58fa31dffd9beafc0e73978c6de34caa736c26". This request might be from an older or newer deployment.
Read more: https://nextjs.org/docs/messages/failed-to-find-server-action]
[Error: Failed to find Server Action "40977c843f1e1040b2b7eefcca5a50647ee8293359". This request might be from an older or newer deployment.
Read more: https://nextjs.org/docs/messages/failed-to-find-server-action]
[Error: Failed to find Server Action "4069bc85932dc525b1fba1df1aff94d7e1ef60ffb8". This request might be from an older or newer deployment.
Read more: https://nextjs.org/docs/messages/failed-to-find-server-action]
[Error: Failed to find Server Action "4006abb74b69c6cb247602dad7da628cc106dae37c". This request might be from an older or newer deployment.
Read more: https://nextjs.org/docs/messages/failed-to-find-server-action]
[Error: Failed to find Server Action "600a58fa31dffd9beafc0e73978c6de34caa736c26". This request might be from an older or newer deployment.
Read more: https://nextjs.org/docs/messages/failed-to-find-server-action]
[Error: Failed to find Server Action "40977c843f1e1040b2b7eefcca5a50647ee8293359". This request might be from an older or newer deployment.
Read more: https://nextjs.org/docs/messages/failed-to-find-server-action]
[Error: Failed to find Server Action "4069bc85932dc525b1fba1df1aff94d7e1ef60ffb8". This request might be from an older or newer deployment.
Read more: https://nextjs.org/docs/messages/failed-to-find-server-action]
[Error: Failed to find Server Action "4006abb74b69c6cb247602dad7da628cc106dae37c". This request might be from an older or newer deployment.
Read more: https://nextjs.org/docs/messages/failed-to-find-server-action]
[Error: Failed to find Server Action "600a58fa31dffd9beafc0e73978c6de34caa736c26". This request might be from an older or newer deployment.
Read more: https://nextjs.org/docs/messages/failed-to-find-server-action]
[Error: Failed to find Server Action "40977c843f1e1040b2b7eefcca5a50647ee8293359". This request might be from an older or newer deployment.
Read more: https://nextjs.org/docs/messages/failed-to-find-server-action]
[Error: Failed to find Server Action "4069bc85932dc525b1fba1df1aff94d7e1ef60ffb8". This request might be from an older or newer deployment.
Read more: https://nextjs.org/docs/messages/failed-to-find-server-action]
[Error: Failed to find Server Action "4006abb74b69c6cb247602dad7da628cc106dae37c". This request might be from an older or newer deployment.
Read more: https://nextjs.org/docs/messages/failed-to-find-server-action]
[Error: Failed to find Server Action "40977c843f1e1040b2b7eefcca5a50647ee8293359". This request might be from an older or newer deployment.
Read more: https://nextjs.org/docs/messages/failed-to-find-server-action]
[Error: Failed to find Server Action "600a58fa31dffd9beafc0e73978c6de34caa736c26". This request might be from an older or newer deployment.
Read more: https://nextjs.org/docs/messages/failed-to-find-server-action]
[Error: Failed to find Server Action "4006abb74b69c6cb247602dad7da628cc106dae37c". This request might be from an older or newer deployment.
Read more: https://nextjs.org/docs/messages/failed-to-find-server-action]
[Error: Failed to find Server Action "4069bc85932dc525b1fba1df1aff94d7e1ef60ffb8". This request might be from an older or newer deployment.
Read more: https://nextjs.org/docs/messages/failed-to-find-server-action]
[Error: Failed to find Server Action "600a58fa31dffd9beafc0e73978c6de34caa736c26". This request might be from an older or newer deployment.
Read more: https://nextjs.org/docs/messages/failed-to-find-server-action]
[Error: Failed to find Server Action "40977c843f1e1040b2b7eefcca5a50647ee8293359". This request might be from an older or newer deployment.
Read more: https://nextjs.org/docs/messages/failed-to-find-server-action]
[Error: Failed to find Server Action "4069bc85932dc525b1fba1df1aff94d7e1ef60ffb8". This request might be from an older or newer deployment.
Read more: https://nextjs.org/docs/messages/failed-to-find-server-action]
[Error: Failed to find Server Action "4006abb74b69c6cb247602dad7da628cc106dae37c". This request might be from an older or newer deployment.
Read more: https://nextjs.org/docs/messages/failed-to-find-server-action]
[Error: Failed to find Server Action "600a58fa31dffd9beafc0e73978c6de34caa736c26". This request might be from an older or newer deployment.
Read more: https://nextjs.org/docs/messages/failed-to-find-server-action]
[Error: Failed to find Server Action "40977c843f1e1040b2b7eefcca5a50647ee8293359". This request might be from an older or newer deployment.
Read more: https://nextjs.org/docs/messages/failed-to-find-server-action]
[Error: Failed to find Server Action "4069bc85932dc525b1fba1df1aff94d7e1ef60ffb8". This request might be from an older or newer deployment.
Read more: https://nextjs.org/docs/messages/failed-to-find-server-action]
[Error: Failed to find Server Action "4006abb74b69c6cb247602dad7da628cc106dae37c". This request might be from an older or newer deployment.
Read more: https://nextjs.org/docs/messages/failed-to-find-server-action]
[Error: Failed to find Server Action "600a58fa31dffd9beafc0e73978c6de34caa736c26". This request might be from an older or newer deployment.
Read more: https://nextjs.org/docs/messages/failed-to-find-server-action]
[Error: Failed to find Server Action "40977c843f1e1040b2b7eefcca5a50647ee8293359". This request might be from an older or newer deployment.
Read more: https://nextjs.org/docs/messages/failed-to-find-server-action]
[Error: Failed to find Server Action "4069bc85932dc525b1fba1df1aff94d7e1ef60ffb8". This request might be from an older or newer deployment.
Read more: https://nextjs.org/docs/messages/failed-to-find-server-action]
[Error: Failed to find Server Action "4006abb74b69c6cb247602dad7da628cc106dae37c". This request might be from an older or newer deployment.
Read more: https://nextjs.org/docs/messages/failed-to-find-server-action]
[Error: Failed to find Server Action "40977c843f1e1040b2b7eefcca5a50647ee8293359". This request might be from an older or newer deployment.
Read more: https://nextjs.org/docs/messages/failed-to-find-server-action]
[Error: Failed to find Server Action "600a58fa31dffd9beafc0e73978c6de34caa736c26". This request might be from an older or newer deployment.
Read more: https://nextjs.org/docs/messages/failed-to-find-server-action]
[Error: Failed to find Server Action "4006abb74b69c6cb247602dad7da628cc106dae37c". This request might be from an older or newer deployment.
Read more: https://nextjs.org/docs/messages/failed-to-find-server-action]
[Error: Failed to find Server Action "4069bc85932dc525b1fba1df1aff94d7e1ef60ffb8". This request might be from an older or newer deployment.
Read more: https://nextjs.org/docs/messages/failed-to-find-server-action]
[Error: Failed to find Server Action "600a58fa31dffd9beafc0e73978c6de34caa736c26". This request might be from an older or newer deployment.
Read more: https://nextjs.org/docs/messages/failed-to-find-server-action]
[Error: Failed to find Server Action "40977c843f1e1040b2b7eefcca5a50647ee8293359". This request might be from an older or newer deployment.
Read more: https://nextjs.org/docs/messages/failed-to-find-server-action]
[Error: Failed to find Server Action "4069bc85932dc525b1fba1df1aff94d7e1ef60ffb8". This request might be from an older or newer deployment.
Read more: https://nextjs.org/docs/messages/failed-to-find-server-action]
[Error: Failed to find Server Action "4006abb74b69c6cb247602dad7da628cc106dae37c". This request might be from an older or newer deployment.
Read more: https://nextjs.org/docs/messages/failed-to-find-server-action]
[Error: Failed to find Server Action "600a58fa31dffd9beafc0e73978c6de34caa736c26". This request might be from an older or newer deployment.
Read more: https://nextjs.org/docs/messages/failed-to-find-server-action]
[Error: Failed to find Server Action "40977c843f1e1040b2b7eefcca5a50647ee8293359". This request might be from an older or newer deployment.
Read more: https://nextjs.org/docs/messages/failed-to-find-server-action]
[Error: Failed to find Server Action "4006abb74b69c6cb247602dad7da628cc106dae37c". This request might be from an older or newer deployment.
Read more: https://nextjs.org/docs/messages/failed-to-find-server-action]
[Error: Failed to find Server Action "4069bc85932dc525b1fba1df1aff94d7e1ef60ffb8". This request might be from an older or newer deployment.
Read more: https://nextjs.org/docs/messages/failed-to-find-server-action]
[Error: Failed to find Server Action "600a58fa31dffd9beafc0e73978c6de34caa736c26". This request might be from an older or newer deployment.
Read more: https://nextjs.org/docs/messages/failed-to-find-server-action]
[Error: Failed to find Server Action "40977c843f1e1040b2b7eefcca5a50647ee8293359". This request might be from an older or newer deployment.
Read more: https://nextjs.org/docs/messages/failed-to-find-server-action]
[Error: Failed to find Server Action "4069bc85932dc525b1fba1df1aff94d7e1ef60ffb8". This request might be from an older or newer deployment.
Read more: https://nextjs.org/docs/messages/failed-to-find-server-action]
[Error: Failed to find Server Action "4006abb74b69c6cb247602dad7da628cc106dae37c". This request might be from an older or newer deployment.
Read more: https://nextjs.org/docs/messages/failed-to-find-server-action]
[Error: Failed to find Server Action "600a58fa31dffd9beafc0e73978c6de34caa736c26". This request might be from an older or newer deployment.
Read more: https://nextjs.org/docs/messages/failed-to-find-server-action]
[Error: Failed to find Server Action "40977c843f1e1040b2b7eefcca5a50647ee8293359". This request might be from an older or newer deployment.
Read more: https://nextjs.org/docs/messages/failed-to-find-server-action]
[Error: Failed to find Server Action "4069bc85932dc525b1fba1df1aff94d7e1ef60ffb8". This request might be from an older or newer deployment.
Read more: https://nextjs.org/docs/messages/failed-to-find-server-action]
[Error: Failed to find Server Action "4006abb74b69c6cb247602dad7da628cc106dae37c". This request might be from an older or newer deployment.
Read more: https://nextjs.org/docs/messages/failed-to-find-server-action]
[Error: Failed to find Server Action "600a58fa31dffd9beafc0e73978c6de34caa736c26". This request might be from an older or newer deployment.
Read more: https://nextjs.org/docs/messages/failed-to-find-server-action]
[Error: Failed to find Server Action "40977c843f1e1040b2b7eefcca5a50647ee8293359". This request might be from an older or newer deployment.
Read more: https://nextjs.org/docs/messages/failed-to-find-server-action]
[Error: Failed to find Server Action "4069bc85932dc525b1fba1df1aff94d7e1ef60ffb8". This request might be from an older or newer deployment.
Read more: https://nextjs.org/docs/messages/failed-to-find-server-action]
[Error: Failed to find Server Action "4006abb74b69c6cb247602dad7da628cc106dae37c". This request might be from an older or newer deployment.
Read more: https://nextjs.org/docs/messages/failed-to-find-server-action]
[Error: Failed to find Server Action "600a58fa31dffd9beafc0e73978c6de34caa736c26". This request might be from an older or newer deployment.
Read more: https://nextjs.org/docs/messages/failed-to-find-server-action]
[Error: Failed to find Server Action "40977c843f1e1040b2b7eefcca5a50647ee8293359". This request might be from an older or newer deployment.
Read more: https://nextjs.org/docs/messages/failed-to-find-server-action]
[Error: Failed to find Server Action "4069bc85932dc525b1fba1df1aff94d7e1ef60ffb8". This request might be from an older or newer deployment.
Read more: https://nextjs.org/docs/messages/failed-to-find-server-action]
[Error: Failed to find Server Action "4006abb74b69c6cb247602dad7da628cc106dae37c". This request might be from an older or newer deployment.
Read more: https://nextjs.org/docs/messages/failed-to-find-server-action]
[Error: Failed to find Server Action "40977c843f1e1040b2b7eefcca5a50647ee8293359". This request might be from an older or newer deployment.
Read more: https://nextjs.org/docs/messages/failed-to-find-server-action]
[Error: Failed to find Server Action "600a58fa31dffd9beafc0e73978c6de34caa736c26". This request might be from an older or newer deployment.
Read more: https://nextjs.org/docs/messages/failed-to-find-server-action]
[Error: Failed to find Server Action "4069bc85932dc525b1fba1df1aff94d7e1ef60ffb8". This request might be from an older or newer deployment.
Read more: https://nextjs.org/docs/messages/failed-to-find-server-action]
[Error: Failed to find Server Action "4006abb74b69c6cb247602dad7da628cc106dae37c". This request might be from an older or newer deployment.
Read more: https://nextjs.org/docs/messages/failed-to-find-server-action]
[Error: Failed to find Server Action "600a58fa31dffd9beafc0e73978c6de34caa736c26". This request might be from an older or newer deployment.
Read more: https://nextjs.org/docs/messages/failed-to-find-server-action]
[Error: Failed to find Server Action "40977c843f1e1040b2b7eefcca5a50647ee8293359". This request might be from an older or newer deployment.
Read more: https://nextjs.org/docs/messages/failed-to-find-server-action]
[Error: Failed to find Server Action "4069bc85932dc525b1fba1df1aff94d7e1ef60ffb8". This request might be from an older or newer deployment.
Read more: https://nextjs.org/docs/messages/failed-to-find-server-action]
[Error: Failed to find Server Action "4006abb74b69c6cb247602dad7da628cc106dae37c". This request might be from an older or newer deployment.
Read more: https://nextjs.org/docs/messages/failed-to-find-server-action]
[Error: Failed to find Server Action "600a58fa31dffd9beafc0e73978c6de34caa736c26". This request might be from an older or newer deployment.
Read more: https://nextjs.org/docs/messages/failed-to-find-server-action]
[Error: Failed to find Server Action "40977c843f1e1040b2b7eefcca5a50647ee8293359". This request might be from an older or newer deployment.
Read more: https://nextjs.org/docs/messages/failed-to-find-server-action]
[Error: Failed to find Server Action "4006abb74b69c6cb247602dad7da628cc106dae37c". This request might be from an older or newer deployment.
Read more: https://nextjs.org/docs/messages/failed-to-find-server-action]
[Error: Failed to find Server Action "4069bc85932dc525b1fba1df1aff94d7e1ef60ffb8". This request might be from an older or newer deployment.
Read more: https://nextjs.org/docs/messages/failed-to-find-server-action]
[Error: Failed to find Server Action "600a58fa31dffd9beafc0e73978c6de34caa736c26". This request might be from an older or newer deployment.
Read more: https://nextjs.org/docs/messages/failed-to-find-server-action]
[Error: Failed to find Server Action "40977c843f1e1040b2b7eefcca5a50647ee8293359". This request might be from an older or newer deployment.
Read more: https://nextjs.org/docs/messages/failed-to-find-server-action]
[Error: Failed to find Server Action "4069bc85932dc525b1fba1df1aff94d7e1ef60ffb8". This request might be from an older or newer deployment.
Read more: https://nextjs.org/docs/messages/failed-to-find-server-action]
[Error: Failed to find Server Action "4006abb74b69c6cb247602dad7da628cc106dae37c". This request might be from an older or newer deployment.
Read more: https://nextjs.org/docs/messages/failed-to-find-server-action]
[Error: Failed to find Server Action "600a58fa31dffd9beafc0e73978c6de34caa736c26". This request might be from an older or newer deployment.
Read more: https://nextjs.org/docs/messages/failed-to-find-server-action]
[Error: Failed to find Server Action "40977c843f1e1040b2b7eefcca5a50647ee8293359". This request might be from an older or newer deployment.
Read more: https://nextjs.org/docs/messages/failed-to-find-server-action]
[Error: Failed to find Server Action "4069bc85932dc525b1fba1df1aff94d7e1ef60ffb8". This request might be from an older or newer deployment.
Read more: https://nextjs.org/docs/messages/failed-to-find-server-action]
[Error: Failed to find Server Action "4006abb74b69c6cb247602dad7da628cc106dae37c". This request might be from an older or newer deployment.
Read more: https://nextjs.org/docs/messages/failed-to-find-server-action]
[Error: Failed to find Server Action "600a58fa31dffd9beafc0e73978c6de34caa736c26". This request might be from an older or newer deployment.
Read more: https://nextjs.org/docs/messages/failed-to-find-server-action]
[Error: Failed to find Server Action "40977c843f1e1040b2b7eefcca5a50647ee8293359". This request might be from an older or newer deployment.
Read more: https://nextjs.org/docs/messages/failed-to-find-server-action]
[Error: Failed to find Server Action "4069bc85932dc525b1fba1df1aff94d7e1ef60ffb8". This request might be from an older or newer deployment.
Read more: https://nextjs.org/docs/messages/failed-to-find-server-action]
[Error: Failed to find Server Action "4006abb74b69c6cb247602dad7da628cc106dae37c". This request might be from an older or newer deployment.
Read more: https://nextjs.org/docs/messages/failed-to-find-server-action]
[Error: Failed to find Server Action "600a58fa31dffd9beafc0e73978c6de34caa736c26". This request might be from an older or newer deployment.
Read more: https://nextjs.org/docs/messages/failed-to-find-server-action]
[Error: Failed to find Server Action "40977c843f1e1040b2b7eefcca5a50647ee8293359". This request might be from an older or newer deployment.
Read more: https://nextjs.org/docs/messages/failed-to-find-server-action]
[Error: Failed to find Server Action "4069bc85932dc525b1fba1df1aff94d7e1ef60ffb8". This request might be from an older or newer deployment.
Read more: https://nextjs.org/docs/messages/failed-to-find-server-action]
[Error: Failed to find Server Action "4006abb74b69c6cb247602dad7da628cc106dae37c". This request might be from an older or newer deployment.
Read more: https://nextjs.org/docs/messages/failed-to-find-server-action]
[Error: Failed to find Server Action "600a58fa31dffd9beafc0e73978c6de34caa736c26". This request might be from an older or newer deployment.
Read more: https://nextjs.org/docs/messages/failed-to-find-server-action]
[Error: Failed to find Server Action "40977c843f1e1040b2b7eefcca5a50647ee8293359". This request might be from an older or newer deployment.
Read more: https://nextjs.org/docs/messages/failed-to-find-server-action]
[Error: Failed to find Server Action "4069bc85932dc525b1fba1df1aff94d7e1ef60ffb8". This request might be from an older or newer deployment.
Read more: https://nextjs.org/docs/messages/failed-to-find-server-action]
[Error: Failed to find Server Action "4006abb74b69c6cb247602dad7da628cc106dae37c". This request might be from an older or newer deployment.
Read more: https://nextjs.org/docs/messages/failed-to-find-server-action]
[Error: Failed to find Server Action "600a58fa31dffd9beafc0e73978c6de34caa736c26". This request might be from an older or newer deployment.
Read more: https://nextjs.org/docs/messages/failed-to-find-server-action]
[Error: Failed to find Server Action "40977c843f1e1040b2b7eefcca5a50647ee8293359". This request might be from an older or newer deployment.
Read more: https://nextjs.org/docs/messages/failed-to-find-server-action]
[Error: Failed to find Server Action "4069bc85932dc525b1fba1df1aff94d7e1ef60ffb8". This request might be from an older or newer deployment.
Read more: https://nextjs.org/docs/messages/failed-to-find-server-action]
[Error: Failed to find Server Action "4006abb74b69c6cb247602dad7da628cc106dae37c". This request might be from an older or newer deployment.
Read more: https://nextjs.org/docs/messages/failed-to-find-server-action]
[Error: Failed to find Server Action "40977c843f1e1040b2b7eefcca5a50647ee8293359". This request might be from an older or newer deployment.
Read more: https://nextjs.org/docs/messages/failed-to-find-server-action]
[Error: Failed to find Server Action "600a58fa31dffd9beafc0e73978c6de34caa736c26". This request might be from an older or newer deployment.
Read more: https://nextjs.org/docs/messages/failed-to-find-server-action]
[Error: Failed to find Server Action "4069bc85932dc525b1fba1df1aff94d7e1ef60ffb8". This request might be from an older or newer deployment.
Read more: https://nextjs.org/docs/messages/failed-to-find-server-action]
[Error: Failed to find Server Action "4006abb74b69c6cb247602dad7da628cc106dae37c". This request might be from an older or newer deployment.
Read more: https://nextjs.org/docs/messages/failed-to-find-server-action]
[Error: Failed to find Server Action "600a58fa31dffd9beafc0e73978c6de34caa736c26". This request might be from an older or newer deployment.
Read more: https://nextjs.org/docs/messages/failed-to-find-server-action]
[Error: Failed to find Server Action "40977c843f1e1040b2b7eefcca5a50647ee8293359". This request might be from an older or newer deployment.
Read more: https://nextjs.org/docs/messages/failed-to-find-server-action]
[Error: Failed to find Server Action "4069bc85932dc525b1fba1df1aff94d7e1ef60ffb8". This request might be from an older or newer deployment.
Read more: https://nextjs.org/docs/messages/failed-to-find-server-action]
[Error: Failed to find Server Action "4006abb74b69c6cb247602dad7da628cc106dae37c". This request might be from an older or newer deployment.
Read more: https://nextjs.org/docs/messages/failed-to-find-server-action]
[Error: Failed to find Server Action "600a58fa31dffd9beafc0e73978c6de34caa736c26". This request might be from an older or newer deployment.
Read more: https://nextjs.org/docs/messages/failed-to-find-server-action]
[Error: Failed to find Server Action "40977c843f1e1040b2b7eefcca5a50647ee8293359". This request might be from an older or newer deployment.
Read more: https://nextjs.org/docs/messages/failed-to-find-server-action]
[Error: Failed to find Server Action "4069bc85932dc525b1fba1df1aff94d7e1ef60ffb8". This request might be from an older or newer deployment.
Read more: https://nextjs.org/docs/messages/failed-to-find-server-action]
[Error: Failed to find Server Action "4006abb74b69c6cb247602dad7da628cc106dae37c". This request might be from an older or newer deployment.
Read more: https://nextjs.org/docs/messages/failed-to-find-server-action]
[Error: Failed to find Server Action "600a58fa31dffd9beafc0e73978c6de34caa736c26". This request might be from an older or newer deployment.
Read more: https://nextjs.org/docs/messages/failed-to-find-server-action]
[Error: Failed to find Server Action "40977c843f1e1040b2b7eefcca5a50647ee8293359". This request might be from an older or newer deployment.
Read more: https://nextjs.org/docs/messages/failed-to-find-server-action]
[Error: Failed to find Server Action "4069bc85932dc525b1fba1df1aff94d7e1ef60ffb8". This request might be from an older or newer deployment.
Read more: https://nextjs.org/docs/messages/failed-to-find-server-action]
[Error: Failed to find Server Action "4006abb74b69c6cb247602dad7da628cc106dae37c". This request might be from an older or newer deployment.
Read more: https://nextjs.org/docs/messages/failed-to-find-server-action]
[Error: Failed to find Server Action "600a58fa31dffd9beafc0e73978c6de34caa736c26". This request might be from an older or newer deployment.
Read more: https://nextjs.org/docs/messages/failed-to-find-server-action]
[Error: Failed to find Server Action "40977c843f1e1040b2b7eefcca5a50647ee8293359". This request might be from an older or newer deployment.
Read more: https://nextjs.org/docs/messages/failed-to-find-server-action]
[Error: Failed to find Server Action "4069bc85932dc525b1fba1df1aff94d7e1ef60ffb8". This request might be from an older or newer deployment.
Read more: https://nextjs.org/docs/messages/failed-to-find-server-action]
[Error: Failed to find Server Action "4006abb74b69c6cb247602dad7da628cc106dae37c". This request might be from an older or newer deployment.
Read more: https://nextjs.org/docs/messages/failed-to-find-server-action]
[Error: Failed to find Server Action "600a58fa31dffd9beafc0e73978c6de34caa736c26". This request might be from an older or newer deployment.
Read more: https://nextjs.org/docs/messages/failed-to-find-server-action]
[Error: Failed to find Server Action "40977c843f1e1040b2b7eefcca5a50647ee8293359". This request might be from an older or newer deployment.
Read more: https://nextjs.org/docs/messages/failed-to-find-server-action]
[Error: Failed to find Server Action "4069bc85932dc525b1fba1df1aff94d7e1ef60ffb8". This request might be from an older or newer deployment.
Read more: https://nextjs.org/docs/messages/failed-to-find-server-action]
[Error: Failed to find Server Action "4006abb74b69c6cb247602dad7da628cc106dae37c". This request might be from an older or newer deployment.
Read more: https://nextjs.org/docs/messages/failed-to-find-server-action]
[Error: Failed to find Server Action "600a58fa31dffd9beafc0e73978c6de34caa736c26". This request might be from an older or newer deployment.
Read more: https://nextjs.org/docs/messages/failed-to-find-server-action]
[Error: Failed to find Server Action "40977c843f1e1040b2b7eefcca5a50647ee8293359". This request might be from an older or newer deployment.
Read more: https://nextjs.org/docs/messages/failed-to-find-server-action]
[Error: Failed to find Server Action "4069bc85932dc525b1fba1df1aff94d7e1ef60ffb8". This request might be from an older or newer deployment.
Read more: https://nextjs.org/docs/messages/failed-to-find-server-action]
[Error: Failed to find Server Action "4006abb74b69c6cb247602dad7da628cc106dae37c". This request might be from an older or newer deployment.
Read more: https://nextjs.org/docs/messages/failed-to-find-server-action]
[Error: Failed to find Server Action "600a58fa31dffd9beafc0e73978c6de34caa736c26". This request might be from an older or newer deployment.
Read more: https://nextjs.org/docs/messages/failed-to-find-server-action]
[Error: Failed to find Server Action "40977c843f1e1040b2b7eefcca5a50647ee8293359". This request might be from an older or newer deployment.
Read more: https://nextjs.org/docs/messages/failed-to-find-server-action]
[Error: Failed to find Server Action "4069bc85932dc525b1fba1df1aff94d7e1ef60ffb8". This request might be from an older or newer deployment.
Read more: https://nextjs.org/docs/messages/failed-to-find-server-action]
[Error: Failed to find Server Action "4006abb74b69c6cb247602dad7da628cc106dae37c". This request might be from an older or newer deployment.
Read more: https://nextjs.org/docs/messages/failed-to-find-server-action]
[Error: Failed to find Server Action "40977c843f1e1040b2b7eefcca5a50647ee8293359". This request might be from an older or newer deployment.
Read more: https://nextjs.org/docs/messages/failed-to-find-server-action]
[Error: Failed to find Server Action "600a58fa31dffd9beafc0e73978c6de34caa736c26". This request might be from an older or newer deployment.
Read more: https://nextjs.org/docs/messages/failed-to-find-server-action]
[Error: Failed to find Server Action "4006abb74b69c6cb247602dad7da628cc106dae37c". This request might be from an older or newer deployment.
Read more: https://nextjs.org/docs/messages/failed-to-find-server-action]
[Error: Failed to find Server Action "4069bc85932dc525b1fba1df1aff94d7e1ef60ffb8". This request might be from an older or newer deployment.
Read more: https://nextjs.org/docs/messages/failed-to-find-server-action]
[Error: Failed to find Server Action "600a58fa31dffd9beafc0e73978c6de34caa736c26". This request might be from an older or newer deployment.
Read more: https://nextjs.org/docs/messages/failed-to-find-server-action]
[Error: Failed to find Server Action "40977c843f1e1040b2b7eefcca5a50647ee8293359". This request might be from an older or newer deployment.
Read more: https://nextjs.org/docs/messages/failed-to-find-server-action]
[Error: Failed to find Server Action "4069bc85932dc525b1fba1df1aff94d7e1ef60ffb8". This request might be from an older or newer deployment.
Read more: https://nextjs.org/docs/messages/failed-to-find-server-action]
[Error: Failed to find Server Action "4006abb74b69c6cb247602dad7da628cc106dae37c". This request might be from an older or newer deployment.
Read more: https://nextjs.org/docs/messages/failed-to-find-server-action]
[Error: Failed to find Server Action "600a58fa31dffd9beafc0e73978c6de34caa736c26". This request might be from an older or newer deployment.
Read more: https://nextjs.org/docs/messages/failed-to-find-server-action]
[Error: Failed to find Server Action "40977c843f1e1040b2b7eefcca5a50647ee8293359". This request might be from an older or newer deployment.
Read more: https://nextjs.org/docs/messages/failed-to-find-server-action]
[Error: Failed to find Server Action "4069bc85932dc525b1fba1df1aff94d7e1ef60ffb8". This request might be from an older or newer deployment.
Read more: https://nextjs.org/docs/messages/failed-to-find-server-action]
[Error: Failed to find Server Action "4006abb74b69c6cb247602dad7da628cc106dae37c". This request might be from an older or newer deployment.
Read more: https://nextjs.org/docs/messages/failed-to-find-server-action]
[Error: Failed to find Server Action "600a58fa31dffd9beafc0e73978c6de34caa736c26". This request might be from an older or newer deployment.
Read more: https://nextjs.org/docs/messages/failed-to-find-server-action]
[Error: Failed to find Server Action "40977c843f1e1040b2b7eefcca5a50647ee8293359". This request might be from an older or newer deployment.
Read more: https://nextjs.org/docs/messages/failed-to-find-server-action]
[Error: Failed to find Server Action "4069bc85932dc525b1fba1df1aff94d7e1ef60ffb8". This request might be from an older or newer deployment.
Read more: https://nextjs.org/docs/messages/failed-to-find-server-action]
[Error: Failed to find Server Action "4006abb74b69c6cb247602dad7da628cc106dae37c". This request might be from an older or newer deployment.
Read more: https://nextjs.org/docs/messages/failed-to-find-server-action]
[Error: Failed to find Server Action "600a58fa31dffd9beafc0e73978c6de34caa736c26". This request might be from an older or newer deployment.
Read more: https://nextjs.org/docs/messages/failed-to-find-server-action]
[Error: Failed to find Server Action "40977c843f1e1040b2b7eefcca5a50647ee8293359". This request might be from an older or newer deployment.
Read more: https://nextjs.org/docs/messages/failed-to-find-server-action]
[Error: Failed to find Server Action "4069bc85932dc525b1fba1df1aff94d7e1ef60ffb8". This request might be from an older or newer deployment.
Read more: https://nextjs.org/docs/messages/failed-to-find-server-action]
[Error: Failed to find Server Action "4006abb74b69c6cb247602dad7da628cc106dae37c". This request might be from an older or newer deployment.
Read more: https://nextjs.org/docs/messages/failed-to-find-server-action]
[Error: Failed to find Server Action "40977c843f1e1040b2b7eefcca5a50647ee8293359". This request might be from an older or newer deployment.
Read more: https://nextjs.org/docs/messages/failed-to-find-server-action]
[Error: Failed to find Server Action "600a58fa31dffd9beafc0e73978c6de34caa736c26". This request might be from an older or newer deployment.
Read more: https://nextjs.org/docs/messages/failed-to-find-server-action]
[Error: Failed to find Server Action "4069bc85932dc525b1fba1df1aff94d7e1ef60ffb8". This request might be from an older or newer deployment.
Read more: https://nextjs.org/docs/messages/failed-to-find-server-action]
[Error: Failed to find Server Action "4006abb74b69c6cb247602dad7da628cc106dae37c". This request might be from an older or newer deployment.
Read more: https://nextjs.org/docs/messages/failed-to-find-server-action]
An error occurred while adding block:
Error [BlockSuiteError]: schema for flavour: affine:embed-agent-session not found
    at ac._parseYBlock (E:\Digitech\softwares\notionharness\.next\server\chunks\6508.js:50:60094)
    at new ac (E:\Digitech\softwares\notionharness\.next\server\chunks\6508.js:50:57925)
    at new ad (E:\Digitech\softwares\notionharness\.next\server\chunks\6508.js:50:61570)
    at af._onBlockAdded (E:\Digitech\softwares\notionharness\.next\server\chunks\6508.js:50:66013)
    at <unknown> (E:\Digitech\softwares\notionharness\.next\server\chunks\6508.js:50:65599)
    at <unknown> (E:\Digitech\softwares\notionharness\.next\server\chunks\6508.js:50:120531)
    at Array.forEach (<anonymous>)
    at e.emit (E:\Digitech\softwares\notionharness\.next\server\chunks\6508.js:50:120515)
    at ag._handleYBlockAdd (E:\Digitech\softwares\notionharness\.next\server\chunks\6508.js:50:71823)
    at <unknown> (E:\Digitech\softwares\notionharness\.next\server\chunks\6508.js:50:73507) {
  code: 4,
  isFatal: false
}
An error occurred while adding block:
Error [BlockSuiteError]: schema for flavour: affine:embed-agent-session not found
    at ac._parseYBlock (E:\Digitech\softwares\notionharness\.next\server\chunks\6508.js:50:60094)
    at new ac (E:\Digitech\softwares\notionharness\.next\server\chunks\6508.js:50:57925)
    at new ad (E:\Digitech\softwares\notionharness\.next\server\chunks\6508.js:50:61570)
    at af._onBlockAdded (E:\Digitech\softwares\notionharness\.next\server\chunks\6508.js:50:66013)
    at <unknown> (E:\Digitech\softwares\notionharness\.next\server\chunks\6508.js:50:65599)
    at <unknown> (E:\Digitech\softwares\notionharness\.next\server\chunks\6508.js:50:120531)
    at Array.forEach (<anonymous>)
    at e.emit (E:\Digitech\softwares\notionharness\.next\server\chunks\6508.js:50:120515)
    at ag._handleYBlockAdd (E:\Digitech\softwares\notionharness\.next\server\chunks\6508.js:50:71823)
    at <unknown> (E:\Digitech\softwares\notionharness\.next\server\chunks\6508.js:50:73507) {
  code: 4,
  isFatal: false
}
An error occurred while adding block:
Error [BlockSuiteError]: schema for flavour: affine:embed-agent-session not found
    at ac._parseYBlock (E:\Digitech\softwares\notionharness\.next\server\chunks\6508.js:50:60094)
    at new ac (E:\Digitech\softwares\notionharness\.next\server\chunks\6508.js:50:57925)
    at new ad (E:\Digitech\softwares\notionharness\.next\server\chunks\6508.js:50:61570)
    at af._onBlockAdded (E:\Digitech\softwares\notionharness\.next\server\chunks\6508.js:50:66013)
    at <unknown> (E:\Digitech\softwares\notionharness\.next\server\chunks\6508.js:50:65599)
    at <unknown> (E:\Digitech\softwares\notionharness\.next\server\chunks\6508.js:50:120531)
    at Array.forEach (<anonymous>)
    at e.emit (E:\Digitech\softwares\notionharness\.next\server\chunks\6508.js:50:120515)
    at ag._handleYBlockAdd (E:\Digitech\softwares\notionharness\.next\server\chunks\6508.js:50:71823)
    at <unknown> (E:\Digitech\softwares\notionharness\.next\server\chunks\6508.js:50:73507) {
  code: 4,
  isFatal: false
}
An error occurred while adding block:
Error [BlockSuiteError]: schema for flavour: affine:embed-agent-session not found
    at ac._parseYBlock (E:\Digitech\softwares\notionharness\.next\server\chunks\6508.js:50:60094)
    at new ac (E:\Digitech\softwares\notionharness\.next\server\chunks\6508.js:50:57925)
    at new ad (E:\Digitech\softwares\notionharness\.next\server\chunks\6508.js:50:61570)
    at af._onBlockAdded (E:\Digitech\softwares\notionharness\.next\server\chunks\6508.js:50:66013)
    at <unknown> (E:\Digitech\softwares\notionharness\.next\server\chunks\6508.js:50:65599)
    at <unknown> (E:\Digitech\softwares\notionharness\.next\server\chunks\6508.js:50:120531)
    at Array.forEach (<anonymous>)
    at e.emit (E:\Digitech\softwares\notionharness\.next\server\chunks\6508.js:50:120515)
    at ag._handleYBlockAdd (E:\Digitech\softwares\notionharness\.next\server\chunks\6508.js:50:71823)
    at <unknown> (E:\Digitech\softwares\notionharness\.next\server\chunks\6508.js:50:73507) {
  code: 4,
  isFatal: false
}
[Error: Failed to find Server Action "600a58fa31dffd9beafc0e73978c6de34caa736c26". This request might be from an older or newer deployment.
Read more: https://nextjs.org/docs/messages/failed-to-find-server-action]
[Error: Failed to find Server Action "40977c843f1e1040b2b7eefcca5a50647ee8293359". This request might be from an older or newer deployment.
Read more: https://nextjs.org/docs/messages/failed-to-find-server-action]
[Error: Failed to find Server Action "4069bc85932dc525b1fba1df1aff94d7e1ef60ffb8". This request might be from an older or newer deployment.
Read more: https://nextjs.org/docs/messages/failed-to-find-server-action]
[Error: Failed to find Server Action "4006abb74b69c6cb247602dad7da628cc106dae37c". This request might be from an older or newer deployment.
Read more: https://nextjs.org/docs/messages/failed-to-find-server-action]
[Error: Failed to find Server Action "600a58fa31dffd9beafc0e73978c6de34caa736c26". This request might be from an older or newer deployment.
Read more: https://nextjs.org/docs/messages/failed-to-find-server-action]
[Error: Failed to find Server Action "40977c843f1e1040b2b7eefcca5a50647ee8293359". This request might be from an older or newer deployment.
Read more: https://nextjs.org/docs/messages/failed-to-find-server-action]
[Error: Failed to find Server Action "4069bc85932dc525b1fba1df1aff94d7e1ef60ffb8". This request might be from an older or newer deployment.
Read more: https://nextjs.org/docs/messages/failed-to-find-server-action]
[Error: Failed to find Server Action "4006abb74b69c6cb247602dad7da628cc106dae37c". This request might be from an older or newer deployment.
Read more: https://nextjs.org/docs/messages/failed-to-find-server-action]
[Error: Failed to find Server Action "600a58fa31dffd9beafc0e73978c6de34caa736c26". This request might be from an older or newer deployment.
Read more: https://nextjs.org/docs/messages/failed-to-find-server-action]
[Error: Failed to find Server Action "40977c843f1e1040b2b7eefcca5a50647ee8293359". This request might be from an older or newer deployment.
Read more: https://nextjs.org/docs/messages/failed-to-find-server-action]
[Error: Failed to find Server Action "4069bc85932dc525b1fba1df1aff94d7e1ef60ffb8". This request might be from an older or newer deployment.
Read more: https://nextjs.org/docs/messages/failed-to-find-server-action]
[Error: Failed to find Server Action "4006abb74b69c6cb247602dad7da628cc106dae37c". This request might be from an older or newer deployment.
Read more: https://nextjs.org/docs/messages/failed-to-find-server-action]
[Error: Failed to find Server Action "40977c843f1e1040b2b7eefcca5a50647ee8293359". This request might be from an older or newer deployment.
Read more: https://nextjs.org/docs/messages/failed-to-find-server-action]
[Error: Failed to find Server Action "600a58fa31dffd9beafc0e73978c6de34caa736c26". This request might be from an older or newer deployment.
Read more: https://nextjs.org/docs/messages/failed-to-find-server-action]
[Error: Failed to find Server Action "4069bc85932dc525b1fba1df1aff94d7e1ef60ffb8". This request might be from an older or newer deployment.
Read more: https://nextjs.org/docs/messages/failed-to-find-server-action]
[Error: Failed to find Server Action "4006abb74b69c6cb247602dad7da628cc106dae37c". This request might be from an older or newer deployment.
Read more: https://nextjs.org/docs/messages/failed-to-find-server-action]
[Error: Failed to find Server Action "40977c843f1e1040b2b7eefcca5a50647ee8293359". This request might be from an older or newer deployment.
Read more: https://nextjs.org/docs/messages/failed-to-find-server-action]
[Error: Failed to find Server Action "600a58fa31dffd9beafc0e73978c6de34caa736c26". This request might be from an older or newer deployment.
Read more: https://nextjs.org/docs/messages/failed-to-find-server-action]
[Error: Failed to find Server Action "4006abb74b69c6cb247602dad7da628cc106dae37c". This request might be from an older or newer deployment.
Read more: https://nextjs.org/docs/messages/failed-to-find-server-action]
[Error: Failed to find Server Action "4069bc85932dc525b1fba1df1aff94d7e1ef60ffb8". This request might be from an older or newer deployment.
Read more: https://nextjs.org/docs/messages/failed-to-find-server-action]
[Error: Failed to find Server Action "600a58fa31dffd9beafc0e73978c6de34caa736c26". This request might be from an older or newer deployment.
Read more: https://nextjs.org/docs/messages/failed-to-find-server-action]
[Error: Failed to find Server Action "40977c843f1e1040b2b7eefcca5a50647ee8293359". This request might be from an older or newer deployment.
Read more: https://nextjs.org/docs/messages/failed-to-find-server-action]
[Error: Failed to find Server Action "4069bc85932dc525b1fba1df1aff94d7e1ef60ffb8". This request might be from an older or newer deployment.
Read more: https://nextjs.org/docs/messages/failed-to-find-server-action]
[Error: Failed to find Server Action "4006abb74b69c6cb247602dad7da628cc106dae37c". This request might be from an older or newer deployment.
Read more: https://nextjs.org/docs/messages/failed-to-find-server-action]
An error occurred while adding block:
Error [BlockSuiteError]: schema for flavour: affine:embed-agent-session not found
    at ac._parseYBlock (E:\Digitech\softwares\notionharness\.next\server\chunks\6508.js:50:60094)
    at new ac (E:\Digitech\softwares\notionharness\.next\server\chunks\6508.js:50:57925)
    at new ad (E:\Digitech\softwares\notionharness\.next\server\chunks\6508.js:50:61570)
    at af._onBlockAdded (E:\Digitech\softwares\notionharness\.next\server\chunks\6508.js:50:66013)
    at <unknown> (E:\Digitech\softwares\notionharness\.next\server\chunks\6508.js:50:65599)
    at <unknown> (E:\Digitech\softwares\notionharness\.next\server\chunks\6508.js:50:120531)
    at Array.forEach (<anonymous>)
    at e.emit (E:\Digitech\softwares\notionharness\.next\server\chunks\6508.js:50:120515)
    at ag._handleYBlockAdd (E:\Digitech\softwares\notionharness\.next\server\chunks\6508.js:50:71823)
    at <unknown> (E:\Digitech\softwares\notionharness\.next\server\chunks\6508.js:50:72029) {
  code: 4,
  isFatal: false
}
An error occurred while adding block:
Error [BlockSuiteError]: schema for flavour: affine:embed-agent-session not found
    at ac._parseYBlock (E:\Digitech\softwares\notionharness\.next\server\chunks\6508.js:50:60094)
    at new ac (E:\Digitech\softwares\notionharness\.next\server\chunks\6508.js:50:57925)
    at new ad (E:\Digitech\softwares\notionharness\.next\server\chunks\6508.js:50:61570)
    at af._onBlockAdded (E:\Digitech\softwares\notionharness\.next\server\chunks\6508.js:50:66013)
    at <unknown> (E:\Digitech\softwares\notionharness\.next\server\chunks\6508.js:50:65599)
    at <unknown> (E:\Digitech\softwares\notionharness\.next\server\chunks\6508.js:50:120531)
    at Array.forEach (<anonymous>)
    at e.emit (E:\Digitech\softwares\notionharness\.next\server\chunks\6508.js:50:120515)
    at ag._handleYBlockAdd (E:\Digitech\softwares\notionharness\.next\server\chunks\6508.js:50:71823)
    at <unknown> (E:\Digitech\softwares\notionharness\.next\server\chunks\6508.js:50:73507) {
  code: 4,
  isFatal: false
}
[Error: Failed to find Server Action "600a58fa31dffd9beafc0e73978c6de34caa736c26". This request might be from an older or newer deployment.
Read more: https://nextjs.org/docs/messages/failed-to-find-server-action]
[Error: Failed to find Server Action "40977c843f1e1040b2b7eefcca5a50647ee8293359". This request might be from an older or newer deployment.
Read more: https://nextjs.org/docs/messages/failed-to-find-server-action]
[Error: Failed to find Server Action "4069bc85932dc525b1fba1df1aff94d7e1ef60ffb8". This request might be from an older or newer deployment.
Read more: https://nextjs.org/docs/messages/failed-to-find-server-action]
[Error: Failed to find Server Action "4006abb74b69c6cb247602dad7da628cc106dae37c". This request might be from an older or newer deployment.
Read more: https://nextjs.org/docs/messages/failed-to-find-server-action]
[Error: Failed to find Server Action "40977c843f1e1040b2b7eefcca5a50647ee8293359". This request might be from an older or newer deployment.
Read more: https://nextjs.org/docs/messages/failed-to-find-server-action]
[Error: Failed to find Server Action "600a58fa31dffd9beafc0e73978c6de34caa736c26". This request might be from an older or newer deployment.
Read more: https://nextjs.org/docs/messages/failed-to-find-server-action]
[Error: Failed to find Server Action "4006abb74b69c6cb247602dad7da628cc106dae37c". This request might be from an older or newer deployment.
Read more: https://nextjs.org/docs/messages/failed-to-find-server-action]
[Error: Failed to find Server Action "4069bc85932dc525b1fba1df1aff94d7e1ef60ffb8". This request might be from an older or newer deployment.
Read more: https://nextjs.org/docs/messages/failed-to-find-server-action]
[Error: Failed to find Server Action "600a58fa31dffd9beafc0e73978c6de34caa736c26". This request might be from an older or newer deployment.
Read more: https://nextjs.org/docs/messages/failed-to-find-server-action]
[Error: Failed to find Server Action "40977c843f1e1040b2b7eefcca5a50647ee8293359". This request might be from an older or newer deployment.
Read more: https://nextjs.org/docs/messages/failed-to-find-server-action]
[Error: Failed to find Server Action "4069bc85932dc525b1fba1df1aff94d7e1ef60ffb8". This request might be from an older or newer deployment.
Read more: https://nextjs.org/docs/messages/failed-to-find-server-action]
[Error: Failed to find Server Action "4006abb74b69c6cb247602dad7da628cc106dae37c". This request might be from an older or newer deployment.
Read more: https://nextjs.org/docs/messages/failed-to-find-server-action]
[Error: Failed to find Server Action "40977c843f1e1040b2b7eefcca5a50647ee8293359". This request might be from an older or newer deployment.
Read more: https://nextjs.org/docs/messages/failed-to-find-server-action]
[Error: Failed to find Server Action "600a58fa31dffd9beafc0e73978c6de34caa736c26". This request might be from an older or newer deployment.
Read more: https://nextjs.org/docs/messages/failed-to-find-server-action]
[Error: Failed to find Server Action "4069bc85932dc525b1fba1df1aff94d7e1ef60ffb8". This request might be from an older or newer deployment.
Read more: https://nextjs.org/docs/messages/failed-to-find-server-action]
[Error: Failed to find Server Action "4006abb74b69c6cb247602dad7da628cc106dae37c". This request might be from an older or newer deployment.
Read more: https://nextjs.org/docs/messages/failed-to-find-server-action]
[Error: Failed to find Server Action "40977c843f1e1040b2b7eefcca5a50647ee8293359". This request might be from an older or newer deployment.
Read more: https://nextjs.org/docs/messages/failed-to-find-server-action]
[Error: Failed to find Server Action "600a58fa31dffd9beafc0e73978c6de34caa736c26". This request might be from an older or newer deployment.
Read more: https://nextjs.org/docs/messages/failed-to-find-server-action]
[Error: Failed to find Server Action "4069bc85932dc525b1fba1df1aff94d7e1ef60ffb8". This request might be from an older or newer deployment.
Read more: https://nextjs.org/docs/messages/failed-to-find-server-action]
[Error: Failed to find Server Action "4006abb74b69c6cb247602dad7da628cc106dae37c". This request might be from an older or newer deployment.
Read more: https://nextjs.org/docs/messages/failed-to-find-server-action]
[Error: Failed to find Server Action "600a58fa31dffd9beafc0e73978c6de34caa736c26". This request might be from an older or newer deployment.
Read more: https://nextjs.org/docs/messages/failed-to-find-server-action]
[Error: Failed to find Server Action "40977c843f1e1040b2b7eefcca5a50647ee8293359". This request might be from an older or newer deployment.
Read more: https://nextjs.org/docs/messages/failed-to-find-server-action]
[Error: Failed to find Server Action "4069bc85932dc525b1fba1df1aff94d7e1ef60ffb8". This request might be from an older or newer deployment.
Read more: https://nextjs.org/docs/messages/failed-to-find-server-action]
[Error: Failed to find Server Action "4006abb74b69c6cb247602dad7da628cc106dae37c". This request might be from an older or newer deployment.
Read more: https://nextjs.org/docs/messages/failed-to-find-server-action]
[Error: Failed to find Server Action "600a58fa31dffd9beafc0e73978c6de34caa736c26". This request might be from an older or newer deployment.
Read more: https://nextjs.org/docs/messages/failed-to-find-server-action]
[Error: Failed to find Server Action "40977c843f1e1040b2b7eefcca5a50647ee8293359". This request might be from an older or newer deployment.
Read more: https://nextjs.org/docs/messages/failed-to-find-server-action]
[Error: Failed to find Server Action "4069bc85932dc525b1fba1df1aff94d7e1ef60ffb8". This request might be from an older or newer deployment.
Read more: https://nextjs.org/docs/messages/failed-to-find-server-action]
[Error: Failed to find Server Action "4006abb74b69c6cb247602dad7da628cc106dae37c". This request might be from an older or newer deployment.
Read more: https://nextjs.org/docs/messages/failed-to-find-server-action]
[Error: Failed to find Server Action "600a58fa31dffd9beafc0e73978c6de34caa736c26". This request might be from an older or newer deployment.
Read more: https://nextjs.org/docs/messages/failed-to-find-server-action]
[Error: Failed to find Server Action "40977c843f1e1040b2b7eefcca5a50647ee8293359". This request might be from an older or newer deployment.
Read more: https://nextjs.org/docs/messages/failed-to-find-server-action]
[Error: Failed to find Server Action "4069bc85932dc525b1fba1df1aff94d7e1ef60ffb8". This request might be from an older or newer deployment.
Read more: https://nextjs.org/docs/messages/failed-to-find-server-action]
[Error: Failed to find Server Action "4006abb74b69c6cb247602dad7da628cc106dae37c". This request might be from an older or newer deployment.
Read more: https://nextjs.org/docs/messages/failed-to-find-server-action]
[Error: Failed to find Server Action "40977c843f1e1040b2b7eefcca5a50647ee8293359". This request might be from an older or newer deployment.
Read more: https://nextjs.org/docs/messages/failed-to-find-server-action]
[Error: Failed to find Server Action "600a58fa31dffd9beafc0e73978c6de34caa736c26". This request might be from an older or newer deployment.
Read more: https://nextjs.org/docs/messages/failed-to-find-server-action]
[Error: Failed to find Server Action "4006abb74b69c6cb247602dad7da628cc106dae37c". This request might be from an older or newer deployment.
Read more: https://nextjs.org/docs/messages/failed-to-find-server-action]
[Error: Failed to find Server Action "4069bc85932dc525b1fba1df1aff94d7e1ef60ffb8". This request might be from an older or newer deployment.
Read more: https://nextjs.org/docs/messages/failed-to-find-server-action]
[Error: Failed to find Server Action "40977c843f1e1040b2b7eefcca5a50647ee8293359". This request might be from an older or newer deployment.
Read more: https://nextjs.org/docs/messages/failed-to-find-server-action]
[Error: Failed to find Server Action "600a58fa31dffd9beafc0e73978c6de34caa736c26". This request might be from an older or newer deployment.
Read more: https://nextjs.org/docs/messages/failed-to-find-server-action]
[Error: Failed to find Server Action "4006abb74b69c6cb247602dad7da628cc106dae37c". This request might be from an older or newer deployment.
Read more: https://nextjs.org/docs/messages/failed-to-find-server-action]
[Error: Failed to find Server Action "4069bc85932dc525b1fba1df1aff94d7e1ef60ffb8". This request might be from an older or newer deployment.
Read more: https://nextjs.org/docs/messages/failed-to-find-server-action]
[Error: Failed to find Server Action "600a58fa31dffd9beafc0e73978c6de34caa736c26". This request might be from an older or newer deployment.
Read more: https://nextjs.org/docs/messages/failed-to-find-server-action]
[Error: Failed to find Server Action "40977c843f1e1040b2b7eefcca5a50647ee8293359". This request might be from an older or newer deployment.
Read more: https://nextjs.org/docs/messages/failed-to-find-server-action]
[Error: Failed to find Server Action "4069bc85932dc525b1fba1df1aff94d7e1ef60ffb8". This request might be from an older or newer deployment.
Read more: https://nextjs.org/docs/messages/failed-to-find-server-action]
[Error: Failed to find Server Action "4006abb74b69c6cb247602dad7da628cc106dae37c". This request might be from an older or newer deployment.
Read more: https://nextjs.org/docs/messages/failed-to-find-server-action]
[Error: Failed to find Server Action "40977c843f1e1040b2b7eefcca5a50647ee8293359". This request might be from an older or newer deployment.
Read more: https://nextjs.org/docs/messages/failed-to-find-server-action]
[Error: Failed to find Server Action "600a58fa31dffd9beafc0e73978c6de34caa736c26". This request might be from an older or newer deployment.
Read more: https://nextjs.org/docs/messages/failed-to-find-server-action]
[Error: Failed to find Server Action "4006abb74b69c6cb247602dad7da628cc106dae37c". This request might be from an older or newer deployment.
Read more: https://nextjs.org/docs/messages/failed-to-find-server-action]
[Error: Failed to find Server Action "4069bc85932dc525b1fba1df1aff94d7e1ef60ffb8". This request might be from an older or newer deployment.
Read more: https://nextjs.org/docs/messages/failed-to-find-server-action]
[Error: Failed to find Server Action "600a58fa31dffd9beafc0e73978c6de34caa736c26". This request might be from an older or newer deployment.
Read more: https://nextjs.org/docs/messages/failed-to-find-server-action]
[Error: Failed to find Server Action "40977c843f1e1040b2b7eefcca5a50647ee8293359". This request might be from an older or newer deployment.
Read more: https://nextjs.org/docs/messages/failed-to-find-server-action]
[Error: Failed to find Server Action "4069bc85932dc525b1fba1df1aff94d7e1ef60ffb8". This request might be from an older or newer deployment.
Read more: https://nextjs.org/docs/messages/failed-to-find-server-action]
[Error: Failed to find Server Action "4006abb74b69c6cb247602dad7da628cc106dae37c". This request might be from an older or newer deployment.
Read more: https://nextjs.org/docs/messages/failed-to-find-server-action]
[Error: Failed to find Server Action "600a58fa31dffd9beafc0e73978c6de34caa736c26". This request might be from an older or newer deployment.
Read more: https://nextjs.org/docs/messages/failed-to-find-server-action]
[Error: Failed to find Server Action "40977c843f1e1040b2b7eefcca5a50647ee8293359". This request might be from an older or newer deployment.
Read more: https://nextjs.org/docs/messages/failed-to-find-server-action]
[Error: Failed to find Server Action "4069bc85932dc525b1fba1df1aff94d7e1ef60ffb8". This request might be from an older or newer deployment.
Read more: https://nextjs.org/docs/messages/failed-to-find-server-action]
[Error: Failed to find Server Action "4006abb74b69c6cb247602dad7da628cc106dae37c". This request might be from an older or newer deployment.
Read more: https://nextjs.org/docs/messages/failed-to-find-server-action]
[Error: Failed to find Server Action "40977c843f1e1040b2b7eefcca5a50647ee8293359". This request might be from an older or newer deployment.
Read more: https://nextjs.org/docs/messages/failed-to-find-server-action]
[Error: Failed to find Server Action "600a58fa31dffd9beafc0e73978c6de34caa736c26". This request might be from an older or newer deployment.
Read more: https://nextjs.org/docs/messages/failed-to-find-server-action]
[Error: Failed to find Server Action "4006abb74b69c6cb247602dad7da628cc106dae37c". This request might be from an older or newer deployment.
Read more: https://nextjs.org/docs/messages/failed-to-find-server-action]
[Error: Failed to find Server Action "4069bc85932dc525b1fba1df1aff94d7e1ef60ffb8". This request might be from an older or newer deployment.
Read more: https://nextjs.org/docs/messages/failed-to-find-server-action]
[Error: Failed to find Server Action "600a58fa31dffd9beafc0e73978c6de34caa736c26". This request might be from an older or newer deployment.
Read more: https://nextjs.org/docs/messages/failed-to-find-server-action]
[Error: Failed to find Server Action "40977c843f1e1040b2b7eefcca5a50647ee8293359". This request might be from an older or newer deployment.
Read more: https://nextjs.org/docs/messages/failed-to-find-server-action]
[Error: Failed to find Server Action "4069bc85932dc525b1fba1df1aff94d7e1ef60ffb8". This request might be from an older or newer deployment.
Read more: https://nextjs.org/docs/messages/failed-to-find-server-action]
[Error: Failed to find Server Action "4006abb74b69c6cb247602dad7da628cc106dae37c". This request might be from an older or newer deployment.
Read more: https://nextjs.org/docs/messages/failed-to-find-server-action]
[Error: Failed to find Server Action "40977c843f1e1040b2b7eefcca5a50647ee8293359". This request might be from an older or newer deployment.
Read more: https://nextjs.org/docs/messages/failed-to-find-server-action]
[Error: Failed to find Server Action "600a58fa31dffd9beafc0e73978c6de34caa736c26". This request might be from an older or newer deployment.
Read more: https://nextjs.org/docs/messages/failed-to-find-server-action]
[Error: Failed to find Server Action "4069bc85932dc525b1fba1df1aff94d7e1ef60ffb8". This request might be from an older or newer deployment.
Read more: https://nextjs.org/docs/messages/failed-to-find-server-action]
[Error: Failed to find Server Action "4006abb74b69c6cb247602dad7da628cc106dae37c". This request might be from an older or newer deployment.
Read more: https://nextjs.org/docs/messages/failed-to-find-server-action]
[Error: Failed to find Server Action "600a58fa31dffd9beafc0e73978c6de34caa736c26". This request might be from an older or newer deployment.
Read more: https://nextjs.org/docs/messages/failed-to-find-server-action]
[Error: Failed to find Server Action "40977c843f1e1040b2b7eefcca5a50647ee8293359". This request might be from an older or newer deployment.
Read more: https://nextjs.org/docs/messages/failed-to-find-server-action]
[Error: Failed to find Server Action "4069bc85932dc525b1fba1df1aff94d7e1ef60ffb8". This request might be from an older or newer deployment.
Read more: https://nextjs.org/docs/messages/failed-to-find-server-action]
[Error: Failed to find Server Action "4006abb74b69c6cb247602dad7da628cc106dae37c". This request might be from an older or newer deployment.
Read more: https://nextjs.org/docs/messages/failed-to-find-server-action]
[Error: Failed to find Server Action "40977c843f1e1040b2b7eefcca5a50647ee8293359". This request might be from an older or newer deployment.
Read more: https://nextjs.org/docs/messages/failed-to-find-server-action]
[Error: Failed to find Server Action "600a58fa31dffd9beafc0e73978c6de34caa736c26". This request might be from an older or newer deployment.
Read more: https://nextjs.org/docs/messages/failed-to-find-server-action]
[Error: Failed to find Server Action "4006abb74b69c6cb247602dad7da628cc106dae37c". This request might be from an older or newer deployment.
Read more: https://nextjs.org/docs/messages/failed-to-find-server-action]
[Error: Failed to find Server Action "4069bc85932dc525b1fba1df1aff94d7e1ef60ffb8". This request might be from an older or newer deployment.
Read more: https://nextjs.org/docs/messages/failed-to-find-server-action]
[Error: Failed to find Server Action "600a58fa31dffd9beafc0e73978c6de34caa736c26". This request might be from an older or newer deployment.
Read more: https://nextjs.org/docs/messages/failed-to-find-server-action]
[Error: Failed to find Server Action "40977c843f1e1040b2b7eefcca5a50647ee8293359". This request might be from an older or newer deployment.
Read more: https://nextjs.org/docs/messages/failed-to-find-server-action]
[Error: Failed to find Server Action "4069bc85932dc525b1fba1df1aff94d7e1ef60ffb8". This request might be from an older or newer deployment.
Read more: https://nextjs.org/docs/messages/failed-to-find-server-action]
[Error: Failed to find Server Action "4006abb74b69c6cb247602dad7da628cc106dae37c". This request might be from an older or newer deployment.
Read more: https://nextjs.org/docs/messages/failed-to-find-server-action]
[Error: Failed to find Server Action "600a58fa31dffd9beafc0e73978c6de34caa736c26". This request might be from an older or newer deployment.
Read more: https://nextjs.org/docs/messages/failed-to-find-server-action]
[Error: Failed to find Server Action "40977c843f1e1040b2b7eefcca5a50647ee8293359". This request might be from an older or newer deployment.
Read more: https://nextjs.org/docs/messages/failed-to-find-server-action]
[Error: Failed to find Server Action "4069bc85932dc525b1fba1df1aff94d7e1ef60ffb8". This request might be from an older or newer deployment.
Read more: https://nextjs.org/docs/messages/failed-to-find-server-action]
[Error: Failed to find Server Action "4006abb74b69c6cb247602dad7da628cc106dae37c". This request might be from an older or newer deployment.
Read more: https://nextjs.org/docs/messages/failed-to-find-server-action]
[Error: Failed to find Server Action "40977c843f1e1040b2b7eefcca5a50647ee8293359". This request might be from an older or newer deployment.
Read more: https://nextjs.org/docs/messages/failed-to-find-server-action]
[Error: Failed to find Server Action "600a58fa31dffd9beafc0e73978c6de34caa736c26". This request might be from an older or newer deployment.
Read more: https://nextjs.org/docs/messages/failed-to-find-server-action]
[Error: Failed to find Server Action "4069bc85932dc525b1fba1df1aff94d7e1ef60ffb8". This request might be from an older or newer deployment.
Read more: https://nextjs.org/docs/messages/failed-to-find-server-action]
[Error: Failed to find Server Action "4006abb74b69c6cb247602dad7da628cc106dae37c". This request might be from an older or newer deployment.
Read more: https://nextjs.org/docs/messages/failed-to-find-server-action]
[Error: Failed to find Server Action "40977c843f1e1040b2b7eefcca5a50647ee8293359". This request might be from an older or newer deployment.
Read more: https://nextjs.org/docs/messages/failed-to-find-server-action]
[Error: Failed to find Server Action "600a58fa31dffd9beafc0e73978c6de34caa736c26". This request might be from an older or newer deployment.
Read more: https://nextjs.org/docs/messages/failed-to-find-server-action]
[Error: Failed to find Server Action "4006abb74b69c6cb247602dad7da628cc106dae37c". This request might be from an older or newer deployment.
Read more: https://nextjs.org/docs/messages/failed-to-find-server-action]
[Error: Failed to find Server Action "4069bc85932dc525b1fba1df1aff94d7e1ef60ffb8". This request might be from an older or newer deployment.
Read more: https://nextjs.org/docs/messages/failed-to-find-server-action]
[Error: Failed to find Server Action "40977c843f1e1040b2b7eefcca5a50647ee8293359". This request might be from an older or newer deployment.
Read more: https://nextjs.org/docs/messages/failed-to-find-server-action]
[Error: Failed to find Server Action "600a58fa31dffd9beafc0e73978c6de34caa736c26". This request might be from an older or newer deployment.
Read more: https://nextjs.org/docs/messages/failed-to-find-server-action]
[Error: Failed to find Server Action "4069bc85932dc525b1fba1df1aff94d7e1ef60ffb8". This request might be from an older or newer deployment.
Read more: https://nextjs.org/docs/messages/failed-to-find-server-action]
[Error: Failed to find Server Action "4006abb74b69c6cb247602dad7da628cc106dae37c". This request might be from an older or newer deployment.
Read more: https://nextjs.org/docs/messages/failed-to-find-server-action]
[Error: Failed to find Server Action "600a58fa31dffd9beafc0e73978c6de34caa736c26". This request might be from an older or newer deployment.
Read more: https://nextjs.org/docs/messages/failed-to-find-server-action]
[Error: Failed to find Server Action "40977c843f1e1040b2b7eefcca5a50647ee8293359". This request might be from an older or newer deployment.
Read more: https://nextjs.org/docs/messages/failed-to-find-server-action]
[Error: Failed to find Server Action "4069bc85932dc525b1fba1df1aff94d7e1ef60ffb8". This request might be from an older or newer deployment.
Read more: https://nextjs.org/docs/messages/failed-to-find-server-action]
[Error: Failed to find Server Action "4006abb74b69c6cb247602dad7da628cc106dae37c". This request might be from an older or newer deployment.
Read more: https://nextjs.org/docs/messages/failed-to-find-server-action]
[Error: Failed to find Server Action "600a58fa31dffd9beafc0e73978c6de34caa736c26". This request might be from an older or newer deployment.
Read more: https://nextjs.org/docs/messages/failed-to-find-server-action]
[Error: Failed to find Server Action "40977c843f1e1040b2b7eefcca5a50647ee8293359". This request might be from an older or newer deployment.
Read more: https://nextjs.org/docs/messages/failed-to-find-server-action]
[Error: Failed to find Server Action "4069bc85932dc525b1fba1df1aff94d7e1ef60ffb8". This request might be from an older or newer deployment.
Read more: https://nextjs.org/docs/messages/failed-to-find-server-action]
[Error: Failed to find Server Action "4006abb74b69c6cb247602dad7da628cc106dae37c". This request might be from an older or newer deployment.
Read more: https://nextjs.org/docs/messages/failed-to-find-server-action]
[Error: Failed to find Server Action "600a58fa31dffd9beafc0e73978c6de34caa736c26". This request might be from an older or newer deployment.
Read more: https://nextjs.org/docs/messages/failed-to-find-server-action]
[Error: Failed to find Server Action "40977c843f1e1040b2b7eefcca5a50647ee8293359". This request might be from an older or newer deployment.
Read more: https://nextjs.org/docs/messages/failed-to-find-server-action]
[Error: Failed to find Server Action "4069bc85932dc525b1fba1df1aff94d7e1ef60ffb8". This request might be from an older or newer deployment.
Read more: https://nextjs.org/docs/messages/failed-to-find-server-action]
[Error: Failed to find Server Action "4006abb74b69c6cb247602dad7da628cc106dae37c". This request might be from an older or newer deployment.
Read more: https://nextjs.org/docs/messages/failed-to-find-server-action]
[Error: Failed to find Server Action "40977c843f1e1040b2b7eefcca5a50647ee8293359". This request might be from an older or newer deployment.
Read more: https://nextjs.org/docs/messages/failed-to-find-server-action]
[Error: Failed to find Server Action "600a58fa31dffd9beafc0e73978c6de34caa736c26". This request might be from an older or newer deployment.
Read more: https://nextjs.org/docs/messages/failed-to-find-server-action]
[Error: Failed to find Server Action "4069bc85932dc525b1fba1df1aff94d7e1ef60ffb8". This request might be from an older or newer deployment.
Read more: https://nextjs.org/docs/messages/failed-to-find-server-action]
[Error: Failed to find Server Action "4006abb74b69c6cb247602dad7da628cc106dae37c". This request might be from an older or newer deployment.
Read more: https://nextjs.org/docs/messages/failed-to-find-server-action]
[Error: Failed to find Server Action "40977c843f1e1040b2b7eefcca5a50647ee8293359". This request might be from an older or newer deployment.
Read more: https://nextjs.org/docs/messages/failed-to-find-server-action]
[Error: Failed to find Server Action "600a58fa31dffd9beafc0e73978c6de34caa736c26". This request might be from an older or newer deployment.
Read more: https://nextjs.org/docs/messages/failed-to-find-server-action]
[Error: Failed to find Server Action "4006abb74b69c6cb247602dad7da628cc106dae37c". This request might be from an older or newer deployment.
Read more: https://nextjs.org/docs/messages/failed-to-find-server-action]
[Error: Failed to find Server Action "4069bc85932dc525b1fba1df1aff94d7e1ef60ffb8". This request might be from an older or newer deployment.
Read more: https://nextjs.org/docs/messages/failed-to-find-server-action]
[Error: Failed to find Server Action "40977c843f1e1040b2b7eefcca5a50647ee8293359". This request might be from an older or newer deployment.
Read more: https://nextjs.org/docs/messages/failed-to-find-server-action]
[Error: Failed to find Server Action "600a58fa31dffd9beafc0e73978c6de34caa736c26". This request might be from an older or newer deployment.
Read more: https://nextjs.org/docs/messages/failed-to-find-server-action]
[Error: Failed to find Server Action "4006abb74b69c6cb247602dad7da628cc106dae37c". This request might be from an older or newer deployment.
Read more: https://nextjs.org/docs/messages/failed-to-find-server-action]
[Error: Failed to find Server Action "4069bc85932dc525b1fba1df1aff94d7e1ef60ffb8". This request might be from an older or newer deployment.
Read more: https://nextjs.org/docs/messages/failed-to-find-server-action]
[Error: Failed to find Server Action "600a58fa31dffd9beafc0e73978c6de34caa736c26". This request might be from an older or newer deployment.
Read more: https://nextjs.org/docs/messages/failed-to-find-server-action]
[Error: Failed to find Server Action "40977c843f1e1040b2b7eefcca5a50647ee8293359". This request might be from an older or newer deployment.
Read more: https://nextjs.org/docs/messages/failed-to-find-server-action]
[Error: Failed to find Server Action "4069bc85932dc525b1fba1df1aff94d7e1ef60ffb8". This request might be from an older or newer deployment.
Read more: https://nextjs.org/docs/messages/failed-to-find-server-action]
[Error: Failed to find Server Action "4006abb74b69c6cb247602dad7da628cc106dae37c". This request might be from an older or newer deployment.
Read more: https://nextjs.org/docs/messages/failed-to-find-server-action]
[Error: Failed to find Server Action "600a58fa31dffd9beafc0e73978c6de34caa736c26". This request might be from an older or newer deployment.
Read more: https://nextjs.org/docs/messages/failed-to-find-server-action]
[Error: Failed to find Server Action "40977c843f1e1040b2b7eefcca5a50647ee8293359". This request might be from an older or newer deployment.
Read more: https://nextjs.org/docs/messages/failed-to-find-server-action]
[Error: Failed to find Server Action "4069bc85932dc525b1fba1df1aff94d7e1ef60ffb8". This request might be from an older or newer deployment.
Read more: https://nextjs.org/docs/messages/failed-to-find-server-action]
[Error: Failed to find Server Action "4006abb74b69c6cb247602dad7da628cc106dae37c". This request might be from an older or newer deployment.
Read more: https://nextjs.org/docs/messages/failed-to-find-server-action]
[Error: Failed to find Server Action "600a58fa31dffd9beafc0e73978c6de34caa736c26". This request might be from an older or newer deployment.
Read more: https://nextjs.org/docs/messages/failed-to-find-server-action]
[Error: Failed to find Server Action "40977c843f1e1040b2b7eefcca5a50647ee8293359". This request might be from an older or newer deployment.
Read more: https://nextjs.org/docs/messages/failed-to-find-server-action]
[Error: Failed to find Server Action "4069bc85932dc525b1fba1df1aff94d7e1ef60ffb8". This request might be from an older or newer deployment.
Read more: https://nextjs.org/docs/messages/failed-to-find-server-action]
[Error: Failed to find Server Action "4006abb74b69c6cb247602dad7da628cc106dae37c". This request might be from an older or newer deployment.
Read more: https://nextjs.org/docs/messages/failed-to-find-server-action]
[Error: Failed to find Server Action "40977c843f1e1040b2b7eefcca5a50647ee8293359". This request might be from an older or newer deployment.
Read more: https://nextjs.org/docs/messages/failed-to-find-server-action]
[Error: Failed to find Server Action "600a58fa31dffd9beafc0e73978c6de34caa736c26". This request might be from an older or newer deployment.
Read more: https://nextjs.org/docs/messages/failed-to-find-server-action]
[Error: Failed to find Server Action "4069bc85932dc525b1fba1df1aff94d7e1ef60ffb8". This request might be from an older or newer deployment.
Read more: https://nextjs.org/docs/messages/failed-to-find-server-action]
[Error: Failed to find Server Action "4006abb74b69c6cb247602dad7da628cc106dae37c". This request might be from an older or newer deployment.
Read more: https://nextjs.org/docs/messages/failed-to-find-server-action]
[Error: Failed to find Server Action "600a58fa31dffd9beafc0e73978c6de34caa736c26". This request might be from an older or newer deployment.
Read more: https://nextjs.org/docs/messages/failed-to-find-server-action]
[Error: Failed to find Server Action "40977c843f1e1040b2b7eefcca5a50647ee8293359". This request might be from an older or newer deployment.
Read more: https://nextjs.org/docs/messages/failed-to-find-server-action]
[Error: Failed to find Server Action "4069bc85932dc525b1fba1df1aff94d7e1ef60ffb8". This request might be from an older or newer deployment.
Read more: https://nextjs.org/docs/messages/failed-to-find-server-action]
[Error: Failed to find Server Action "4006abb74b69c6cb247602dad7da628cc106dae37c". This request might be from an older or newer deployment.
Read more: https://nextjs.org/docs/messages/failed-to-find-server-action]
[Error: Failed to find Server Action "600a58fa31dffd9beafc0e73978c6de34caa736c26". This request might be from an older or newer deployment.
Read more: https://nextjs.org/docs/messages/failed-to-find-server-action]
[Error: Failed to find Server Action "40977c843f1e1040b2b7eefcca5a50647ee8293359". This request might be from an older or newer deployment.
Read more: https://nextjs.org/docs/messages/failed-to-find-server-action]
[Error: Failed to find Server Action "4069bc85932dc525b1fba1df1aff94d7e1ef60ffb8". This request might be from an older or newer deployment.
Read more: https://nextjs.org/docs/messages/failed-to-find-server-action]
[Error: Failed to find Server Action "4006abb74b69c6cb247602dad7da628cc106dae37c". This request might be from an older or newer deployment.
Read more: https://nextjs.org/docs/messages/failed-to-find-server-action]
[Error: Failed to find Server Action "600a58fa31dffd9beafc0e73978c6de34caa736c26". This request might be from an older or newer deployment.
Read more: https://nextjs.org/docs/messages/failed-to-find-server-action]
[Error: Failed to find Server Action "40977c843f1e1040b2b7eefcca5a50647ee8293359". This request might be from an older or newer deployment.
Read more: https://nextjs.org/docs/messages/failed-to-find-server-action]
[Error: Failed to find Server Action "4069bc85932dc525b1fba1df1aff94d7e1ef60ffb8". This request might be from an older or newer deployment.
Read more: https://nextjs.org/docs/messages/failed-to-find-server-action]
[Error: Failed to find Server Action "4006abb74b69c6cb247602dad7da628cc106dae37c". This request might be from an older or newer deployment.
Read more: https://nextjs.org/docs/messages/failed-to-find-server-action]
[Error: Failed to find Server Action "600a58fa31dffd9beafc0e73978c6de34caa736c26". This request might be from an older or newer deployment.
Read more: https://nextjs.org/docs/messages/failed-to-find-server-action]
[Error: Failed to find Server Action "40977c843f1e1040b2b7eefcca5a50647ee8293359". This request might be from an older or newer deployment.
Read more: https://nextjs.org/docs/messages/failed-to-find-server-action]
[Error: Failed to find Server Action "4069bc85932dc525b1fba1df1aff94d7e1ef60ffb8". This request might be from an older or newer deployment.
Read more: https://nextjs.org/docs/messages/failed-to-find-server-action]
[Error: Failed to find Server Action "4006abb74b69c6cb247602dad7da628cc106dae37c". This request might be from an older or newer deployment.
Read more: https://nextjs.org/docs/messages/failed-to-find-server-action]
[Error: Failed to find Server Action "600a58fa31dffd9beafc0e73978c6de34caa736c26". This request might be from an older or newer deployment.
Read more: https://nextjs.org/docs/messages/failed-to-find-server-action]
[Error: Failed to find Server Action "40977c843f1e1040b2b7eefcca5a50647ee8293359". This request might be from an older or newer deployment.
Read more: https://nextjs.org/docs/messages/failed-to-find-server-action]
[Error: Failed to find Server Action "4006abb74b69c6cb247602dad7da628cc106dae37c". This request might be from an older or newer deployment.
Read more: https://nextjs.org/docs/messages/failed-to-find-server-action]
[Error: Failed to find Server Action "4069bc85932dc525b1fba1df1aff94d7e1ef60ffb8". This request might be from an older or newer deployment.
Read more: https://nextjs.org/docs/messages/failed-to-find-server-action]
[Error: Failed to find Server Action "600a58fa31dffd9beafc0e73978c6de34caa736c26". This request might be from an older or newer deployment.
Read more: https://nextjs.org/docs/messages/failed-to-find-server-action]
[Error: Failed to find Server Action "40977c843f1e1040b2b7eefcca5a50647ee8293359". This request might be from an older or newer deployment.
Read more: https://nextjs.org/docs/messages/failed-to-find-server-action]
[Error: Failed to find Server Action "4069bc85932dc525b1fba1df1aff94d7e1ef60ffb8". This request might be from an older or newer deployment.
Read more: https://nextjs.org/docs/messages/failed-to-find-server-action]
[Error: Failed to find Server Action "4006abb74b69c6cb247602dad7da628cc106dae37c". This request might be from an older or newer deployment.
Read more: https://nextjs.org/docs/messages/failed-to-find-server-action]
[Error: Failed to find Server Action "600a58fa31dffd9beafc0e73978c6de34caa736c26". This request might be from an older or newer deployment.
Read more: https://nextjs.org/docs/messages/failed-to-find-server-action]
[Error: Failed to find Server Action "40977c843f1e1040b2b7eefcca5a50647ee8293359". This request might be from an older or newer deployment.
Read more: https://nextjs.org/docs/messages/failed-to-find-server-action]
[Error: Failed to find Server Action "4069bc85932dc525b1fba1df1aff94d7e1ef60ffb8". This request might be from an older or newer deployment.
Read more: https://nextjs.org/docs/messages/failed-to-find-server-action]
[Error: Failed to find Server Action "4006abb74b69c6cb247602dad7da628cc106dae37c". This request might be from an older or newer deployment.
Read more: https://nextjs.org/docs/messages/failed-to-find-server-action]
[Error: Failed to find Server Action "600a58fa31dffd9beafc0e73978c6de34caa736c26". This request might be from an older or newer deployment.
Read more: https://nextjs.org/docs/messages/failed-to-find-server-action]
[Error: Failed to find Server Action "40977c843f1e1040b2b7eefcca5a50647ee8293359". This request might be from an older or newer deployment.
Read more: https://nextjs.org/docs/messages/failed-to-find-server-action]
[Error: Failed to find Server Action "4069bc85932dc525b1fba1df1aff94d7e1ef60ffb8". This request might be from an older or newer deployment.
Read more: https://nextjs.org/docs/messages/failed-to-find-server-action]
[Error: Failed to find Server Action "4006abb74b69c6cb247602dad7da628cc106dae37c". This request might be from an older or newer deployment.
Read more: https://nextjs.org/docs/messages/failed-to-find-server-action]
[Error: Failed to find Server Action "40977c843f1e1040b2b7eefcca5a50647ee8293359". This request might be from an older or newer deployment.
Read more: https://nextjs.org/docs/messages/failed-to-find-server-action]
[Error: Failed to find Server Action "600a58fa31dffd9beafc0e73978c6de34caa736c26". This request might be from an older or newer deployment.
Read more: https://nextjs.org/docs/messages/failed-to-find-server-action]
[Error: Failed to find Server Action "4006abb74b69c6cb247602dad7da628cc106dae37c". This request might be from an older or newer deployment.
Read more: https://nextjs.org/docs/messages/failed-to-find-server-action]
[Error: Failed to find Server Action "4069bc85932dc525b1fba1df1aff94d7e1ef60ffb8". This request might be from an older or newer deployment.
Read more: https://nextjs.org/docs/messages/failed-to-find-server-action]
[Error: Failed to find Server Action "600a58fa31dffd9beafc0e73978c6de34caa736c26". This request might be from an older or newer deployment.
Read more: https://nextjs.org/docs/messages/failed-to-find-server-action]
[Error: Failed to find Server Action "40977c843f1e1040b2b7eefcca5a50647ee8293359". This request might be from an older or newer deployment.
Read more: https://nextjs.org/docs/messages/failed-to-find-server-action]
[Error: Failed to find Server Action "4069bc85932dc525b1fba1df1aff94d7e1ef60ffb8". This request might be from an older or newer deployment.
Read more: https://nextjs.org/docs/messages/failed-to-find-server-action]
[Error: Failed to find Server Action "4006abb74b69c6cb247602dad7da628cc106dae37c". This request might be from an older or newer deployment.
Read more: https://nextjs.org/docs/messages/failed-to-find-server-action]
[Error: Failed to find Server Action "40977c843f1e1040b2b7eefcca5a50647ee8293359". This request might be from an older or newer deployment.
Read more: https://nextjs.org/docs/messages/failed-to-find-server-action]
[Error: Failed to find Server Action "600a58fa31dffd9beafc0e73978c6de34caa736c26". This request might be from an older or newer deployment.
Read more: https://nextjs.org/docs/messages/failed-to-find-server-action]
[Error: Failed to find Server Action "4069bc85932dc525b1fba1df1aff94d7e1ef60ffb8". This request might be from an older or newer deployment.
Read more: https://nextjs.org/docs/messages/failed-to-find-server-action]
[Error: Failed to find Server Action "4006abb74b69c6cb247602dad7da628cc106dae37c". This request might be from an older or newer deployment.
Read more: https://nextjs.org/docs/messages/failed-to-find-server-action]
[Error: Failed to find Server Action "600a58fa31dffd9beafc0e73978c6de34caa736c26". This request might be from an older or newer deployment.
Read more: https://nextjs.org/docs/messages/failed-to-find-server-action]
[Error: Failed to find Server Action "40977c843f1e1040b2b7eefcca5a50647ee8293359". This request might be from an older or newer deployment.
Read more: https://nextjs.org/docs/messages/failed-to-find-server-action]
[Error: Failed to find Server Action "4069bc85932dc525b1fba1df1aff94d7e1ef60ffb8". This request might be from an older or newer deployment.
Read more: https://nextjs.org/docs/messages/failed-to-find-server-action]
[Error: Failed to find Server Action "4006abb74b69c6cb247602dad7da628cc106dae37c". This request might be from an older or newer deployment.
Read more: https://nextjs.org/docs/messages/failed-to-find-server-action]
[Error: Failed to find Server Action "40977c843f1e1040b2b7eefcca5a50647ee8293359". This request might be from an older or newer deployment.
Read more: https://nextjs.org/docs/messages/failed-to-find-server-action]
[Error: Failed to find Server Action "600a58fa31dffd9beafc0e73978c6de34caa736c26". This request might be from an older or newer deployment.
Read more: https://nextjs.org/docs/messages/failed-to-find-server-action]
[Error: Failed to find Server Action "4006abb74b69c6cb247602dad7da628cc106dae37c". This request might be from an older or newer deployment.
Read more: https://nextjs.org/docs/messages/failed-to-find-server-action]
[Error: Failed to find Server Action "4069bc85932dc525b1fba1df1aff94d7e1ef60ffb8". This request might be from an older or newer deployment.
Read more: https://nextjs.org/docs/messages/failed-to-find-server-action]
[Error: Failed to find Server Action "600a58fa31dffd9beafc0e73978c6de34caa736c26". This request might be from an older or newer deployment.
Read more: https://nextjs.org/docs/messages/failed-to-find-server-action]
[Error: Failed to find Server Action "4069bc85932dc525b1fba1df1aff94d7e1ef60ffb8". This request might be from an older or newer deployment.
Read more: https://nextjs.org/docs/messages/failed-to-find-server-action]
[Error: Failed to find Server Action "40977c843f1e1040b2b7eefcca5a50647ee8293359". This request might be from an older or newer deployment.
Read more: https://nextjs.org/docs/messages/failed-to-find-server-action]
[Error: Failed to find Server Action "4006abb74b69c6cb247602dad7da628cc106dae37c". This request might be from an older or newer deployment.
Read more: https://nextjs.org/docs/messages/failed-to-find-server-action]
[Error: Failed to find Server Action "600a58fa31dffd9beafc0e73978c6de34caa736c26". This request might be from an older or newer deployment.
Read more: https://nextjs.org/docs/messages/failed-to-find-server-action]
[Error: Failed to find Server Action "40977c843f1e1040b2b7eefcca5a50647ee8293359". This request might be from an older or newer deployment.
Read more: https://nextjs.org/docs/messages/failed-to-find-server-action]
[Error: Failed to find Server Action "4069bc85932dc525b1fba1df1aff94d7e1ef60ffb8". This request might be from an older or newer deployment.
Read more: https://nextjs.org/docs/messages/failed-to-find-server-action]
[Error: Failed to find Server Action "4006abb74b69c6cb247602dad7da628cc106dae37c". This request might be from an older or newer deployment.
Read more: https://nextjs.org/docs/messages/failed-to-find-server-action]
[Error: Failed to find Server Action "600a58fa31dffd9beafc0e73978c6de34caa736c26". This request might be from an older or newer deployment.
Read more: https://nextjs.org/docs/messages/failed-to-find-server-action]
[Error: Failed to find Server Action "40977c843f1e1040b2b7eefcca5a50647ee8293359". This request might be from an older or newer deployment.
Read more: https://nextjs.org/docs/messages/failed-to-find-server-action]
[Error: Failed to find Server Action "4069bc85932dc525b1fba1df1aff94d7e1ef60ffb8". This request might be from an older or newer deployment.
Read more: https://nextjs.org/docs/messages/failed-to-find-server-action]
[Error: Failed to find Server Action "4006abb74b69c6cb247602dad7da628cc106dae37c". This request might be from an older or newer deployment.
Read more: https://nextjs.org/docs/messages/failed-to-find-server-action]
[Error: Failed to find Server Action "40977c843f1e1040b2b7eefcca5a50647ee8293359". This request might be from an older or newer deployment.
Read more: https://nextjs.org/docs/messages/failed-to-find-server-action]
[Error: Failed to find Server Action "600a58fa31dffd9beafc0e73978c6de34caa736c26". This request might be from an older or newer deployment.
Read more: https://nextjs.org/docs/messages/failed-to-find-server-action]
[Error: Failed to find Server Action "4069bc85932dc525b1fba1df1aff94d7e1ef60ffb8". This request might be from an older or newer deployment.
Read more: https://nextjs.org/docs/messages/failed-to-find-server-action]
[Error: Failed to find Server Action "4006abb74b69c6cb247602dad7da628cc106dae37c". This request might be from an older or newer deployment.
Read more: https://nextjs.org/docs/messages/failed-to-find-server-action]
[Error: Failed to find Server Action "600a58fa31dffd9beafc0e73978c6de34caa736c26". This request might be from an older or newer deployment.
Read more: https://nextjs.org/docs/messages/failed-to-find-server-action]
[Error: Failed to find Server Action "40977c843f1e1040b2b7eefcca5a50647ee8293359". This request might be from an older or newer deployment.
Read more: https://nextjs.org/docs/messages/failed-to-find-server-action]
[Error: Failed to find Server Action "4069bc85932dc525b1fba1df1aff94d7e1ef60ffb8". This request might be from an older or newer deployment.
Read more: https://nextjs.org/docs/messages/failed-to-find-server-action]
[Error: Failed to find Server Action "4006abb74b69c6cb247602dad7da628cc106dae37c". This request might be from an older or newer deployment.
Read more: https://nextjs.org/docs/messages/failed-to-find-server-action]
[Error: Failed to find Server Action "600a58fa31dffd9beafc0e73978c6de34caa736c26". This request might be from an older or newer deployment.
Read more: https://nextjs.org/docs/messages/failed-to-find-server-action]
[Error: Failed to find Server Action "40977c843f1e1040b2b7eefcca5a50647ee8293359". This request might be from an older or newer deployment.
Read more: https://nextjs.org/docs/messages/failed-to-find-server-action]
[Error: Failed to find Server Action "4069bc85932dc525b1fba1df1aff94d7e1ef60ffb8". This request might be from an older or newer deployment.
Read more: https://nextjs.org/docs/messages/failed-to-find-server-action]
[Error: Failed to find Server Action "4006abb74b69c6cb247602dad7da628cc106dae37c". This request might be from an older or newer deployment.
Read more: https://nextjs.org/docs/messages/failed-to-find-server-action]
[Error: Failed to find Server Action "600a58fa31dffd9beafc0e73978c6de34caa736c26". This request might be from an older or newer deployment.
Read more: https://nextjs.org/docs/messages/failed-to-find-server-action]
[Error: Failed to find Server Action "40977c843f1e1040b2b7eefcca5a50647ee8293359". This request might be from an older or newer deployment.
Read more: https://nextjs.org/docs/messages/failed-to-find-server-action]
[Error: Failed to find Server Action "4069bc85932dc525b1fba1df1aff94d7e1ef60ffb8". This request might be from an older or newer deployment.
Read more: https://nextjs.org/docs/messages/failed-to-find-server-action]
[Error: Failed to find Server Action "4006abb74b69c6cb247602dad7da628cc106dae37c". This request might be from an older or newer deployment.
Read more: https://nextjs.org/docs/messages/failed-to-find-server-action]
[Error: Failed to find Server Action "600a58fa31dffd9beafc0e73978c6de34caa736c26". This request might be from an older or newer deployment.
Read more: https://nextjs.org/docs/messages/failed-to-find-server-action]
[Error: Failed to find Server Action "40977c843f1e1040b2b7eefcca5a50647ee8293359". This request might be from an older or newer deployment.
Read more: https://nextjs.org/docs/messages/failed-to-find-server-action]
[Error: Failed to find Server Action "4069bc85932dc525b1fba1df1aff94d7e1ef60ffb8". This request might be from an older or newer deployment.
Read more: https://nextjs.org/docs/messages/failed-to-find-server-action]
[Error: Failed to find Server Action "4006abb74b69c6cb247602dad7da628cc106dae37c". This request might be from an older or newer deployment.
Read more: https://nextjs.org/docs/messages/failed-to-find-server-action]
[Error: Failed to find Server Action "40977c843f1e1040b2b7eefcca5a50647ee8293359". This request might be from an older or newer deployment.
Read more: https://nextjs.org/docs/messages/failed-to-find-server-action]
[Error: Failed to find Server Action "600a58fa31dffd9beafc0e73978c6de34caa736c26". This request might be from an older or newer deployment.
Read more: https://nextjs.org/docs/messages/failed-to-find-server-action]
[Error: Failed to find Server Action "4069bc85932dc525b1fba1df1aff94d7e1ef60ffb8". This request might be from an older or newer deployment.
Read more: https://nextjs.org/docs/messages/failed-to-find-server-action]
[Error: Failed to find Server Action "4006abb74b69c6cb247602dad7da628cc106dae37c". This request might be from an older or newer deployment.
Read more: https://nextjs.org/docs/messages/failed-to-find-server-action]
[Error: Failed to find Server Action "40977c843f1e1040b2b7eefcca5a50647ee8293359". This request might be from an older or newer deployment.
Read more: https://nextjs.org/docs/messages/failed-to-find-server-action]
[Error: Failed to find Server Action "600a58fa31dffd9beafc0e73978c6de34caa736c26". This request might be from an older or newer deployment.
Read more: https://nextjs.org/docs/messages/failed-to-find-server-action]
[Error: Failed to find Server Action "4069bc85932dc525b1fba1df1aff94d7e1ef60ffb8". This request might be from an older or newer deployment.
Read more: https://nextjs.org/docs/messages/failed-to-find-server-action]
[Error: Failed to find Server Action "4006abb74b69c6cb247602dad7da628cc106dae37c". This request might be from an older or newer deployment.
Read more: https://nextjs.org/docs/messages/failed-to-find-server-action]
[Error: Failed to find Server Action "600a58fa31dffd9beafc0e73978c6de34caa736c26". This request might be from an older or newer deployment.
Read more: https://nextjs.org/docs/messages/failed-to-find-server-action]
[Error: Failed to find Server Action "40977c843f1e1040b2b7eefcca5a50647ee8293359". This request might be from an older or newer deployment.
Read more: https://nextjs.org/docs/messages/failed-to-find-server-action]
[Error: Failed to find Server Action "4069bc85932dc525b1fba1df1aff94d7e1ef60ffb8". This request might be from an older or newer deployment.
Read more: https://nextjs.org/docs/messages/failed-to-find-server-action]
[Error: Failed to find Server Action "4006abb74b69c6cb247602dad7da628cc106dae37c". This request might be from an older or newer deployment.
Read more: https://nextjs.org/docs/messages/failed-to-find-server-action]
[Error: Failed to find Server Action "600a58fa31dffd9beafc0e73978c6de34caa736c26". This request might be from an older or newer deployment.
Read more: https://nextjs.org/docs/messages/failed-to-find-server-action]
[Error: Failed to find Server Action "40977c843f1e1040b2b7eefcca5a50647ee8293359". This request might be from an older or newer deployment.
Read more: https://nextjs.org/docs/messages/failed-to-find-server-action]
[Error: Failed to find Server Action "4069bc85932dc525b1fba1df1aff94d7e1ef60ffb8". This request might be from an older or newer deployment.
Read more: https://nextjs.org/docs/messages/failed-to-find-server-action]
[Error: Failed to find Server Action "4006abb74b69c6cb247602dad7da628cc106dae37c". This request might be from an older or newer deployment.
Read more: https://nextjs.org/docs/messages/failed-to-find-server-action]
[Error: Failed to find Server Action "600a58fa31dffd9beafc0e73978c6de34caa736c26". This request might be from an older or newer deployment.
Read more: https://nextjs.org/docs/messages/failed-to-find-server-action]
[Error: Failed to find Server Action "40977c843f1e1040b2b7eefcca5a50647ee8293359". This request might be from an older or newer deployment.
Read more: https://nextjs.org/docs/messages/failed-to-find-server-action]
[Error: Failed to find Server Action "4069bc85932dc525b1fba1df1aff94d7e1ef60ffb8". This request might be from an older or newer deployment.
Read more: https://nextjs.org/docs/messages/failed-to-find-server-action]
[Error: Failed to find Server Action "4006abb74b69c6cb247602dad7da628cc106dae37c". This request might be from an older or newer deployment.
Read more: https://nextjs.org/docs/messages/failed-to-find-server-action]
[Error: Failed to find Server Action "40977c843f1e1040b2b7eefcca5a50647ee8293359". This request might be from an older or newer deployment.
Read more: https://nextjs.org/docs/messages/failed-to-find-server-action]
[Error: Failed to find Server Action "600a58fa31dffd9beafc0e73978c6de34caa736c26". This request might be from an older or newer deployment.
Read more: https://nextjs.org/docs/messages/failed-to-find-server-action]
[Error: Failed to find Server Action "4006abb74b69c6cb247602dad7da628cc106dae37c". This request might be from an older or newer deployment.
Read more: https://nextjs.org/docs/messages/failed-to-find-server-action]
[Error: Failed to find Server Action "4069bc85932dc525b1fba1df1aff94d7e1ef60ffb8". This request might be from an older or newer deployment.
Read more: https://nextjs.org/docs/messages/failed-to-find-server-action]
[Error: Failed to find Server Action "600a58fa31dffd9beafc0e73978c6de34caa736c26". This request might be from an older or newer deployment.
Read more: https://nextjs.org/docs/messages/failed-to-find-server-action]
[Error: Failed to find Server Action "40977c843f1e1040b2b7eefcca5a50647ee8293359". This request might be from an older or newer deployment.
Read more: https://nextjs.org/docs/messages/failed-to-find-server-action]
[Error: Failed to find Server Action "4069bc85932dc525b1fba1df1aff94d7e1ef60ffb8". This request might be from an older or newer deployment.
Read more: https://nextjs.org/docs/messages/failed-to-find-server-action]
[Error: Failed to find Server Action "4006abb74b69c6cb247602dad7da628cc106dae37c". This request might be from an older or newer deployment.
Read more: https://nextjs.org/docs/messages/failed-to-find-server-action]
[Error: Failed to find Server Action "600a58fa31dffd9beafc0e73978c6de34caa736c26". This request might be from an older or newer deployment.
Read more: https://nextjs.org/docs/messages/failed-to-find-server-action]
[Error: Failed to find Server Action "40977c843f1e1040b2b7eefcca5a50647ee8293359". This request might be from an older or newer deployment.
Read more: https://nextjs.org/docs/messages/failed-to-find-server-action]
[Error: Failed to find Server Action "4069bc85932dc525b1fba1df1aff94d7e1ef60ffb8". This request might be from an older or newer deployment.
Read more: https://nextjs.org/docs/messages/failed-to-find-server-action]
[Error: Failed to find Server Action "4006abb74b69c6cb247602dad7da628cc106dae37c". This request might be from an older or newer deployment.
Read more: https://nextjs.org/docs/messages/failed-to-find-server-action]
[Error: Failed to find Server Action "600a58fa31dffd9beafc0e73978c6de34caa736c26". This request might be from an older or newer deployment.
Read more: https://nextjs.org/docs/messages/failed-to-find-server-action]
[Error: Failed to find Server Action "40977c843f1e1040b2b7eefcca5a50647ee8293359". This request might be from an older or newer deployment.
Read more: https://nextjs.org/docs/messages/failed-to-find-server-action]
[Error: Failed to find Server Action "4069bc85932dc525b1fba1df1aff94d7e1ef60ffb8". This request might be from an older or newer deployment.
Read more: https://nextjs.org/docs/messages/failed-to-find-server-action]
[Error: Failed to find Server Action "4006abb74b69c6cb247602dad7da628cc106dae37c". This request might be from an older or newer deployment.
Read more: https://nextjs.org/docs/messages/failed-to-find-server-action]
[Error: Failed to find Server Action "600a58fa31dffd9beafc0e73978c6de34caa736c26". This request might be from an older or newer deployment.
Read more: https://nextjs.org/docs/messages/failed-to-find-server-action]
[Error: Failed to find Server Action "40977c843f1e1040b2b7eefcca5a50647ee8293359". This request might be from an older or newer deployment.
Read more: https://nextjs.org/docs/messages/failed-to-find-server-action]
[Error: Failed to find Server Action "4069bc85932dc525b1fba1df1aff94d7e1ef60ffb8". This request might be from an older or newer deployment.
Read more: https://nextjs.org/docs/messages/failed-to-find-server-action]
[Error: Failed to find Server Action "4006abb74b69c6cb247602dad7da628cc106dae37c". This request might be from an older or newer deployment.
Read more: https://nextjs.org/docs/messages/failed-to-find-server-action]
[Error: Failed to find Server Action "600a58fa31dffd9beafc0e73978c6de34caa736c26". This request might be from an older or newer deployment.
Read more: https://nextjs.org/docs/messages/failed-to-find-server-action]
[Error: Failed to find Server Action "40977c843f1e1040b2b7eefcca5a50647ee8293359". This request might be from an older or newer deployment.
Read more: https://nextjs.org/docs/messages/failed-to-find-server-action]
[Error: Failed to find Server Action "4069bc85932dc525b1fba1df1aff94d7e1ef60ffb8". This request might be from an older or newer deployment.
Read more: https://nextjs.org/docs/messages/failed-to-find-server-action]
[Error: Failed to find Server Action "4006abb74b69c6cb247602dad7da628cc106dae37c". This request might be from an older or newer deployment.
Read more: https://nextjs.org/docs/messages/failed-to-find-server-action]
[Error: Failed to find Server Action "40977c843f1e1040b2b7eefcca5a50647ee8293359". This request might be from an older or newer deployment.
Read more: https://nextjs.org/docs/messages/failed-to-find-server-action]
[Error: Failed to find Server Action "600a58fa31dffd9beafc0e73978c6de34caa736c26". This request might be from an older or newer deployment.
Read more: https://nextjs.org/docs/messages/failed-to-find-server-action]
[Error: Failed to find Server Action "4006abb74b69c6cb247602dad7da628cc106dae37c". This request might be from an older or newer deployment.
Read more: https://nextjs.org/docs/messages/failed-to-find-server-action]
[Error: Failed to find Server Action "4069bc85932dc525b1fba1df1aff94d7e1ef60ffb8". This request might be from an older or newer deployment.
Read more: https://nextjs.org/docs/messages/failed-to-find-server-action]
[Error: Failed to find Server Action "600a58fa31dffd9beafc0e73978c6de34caa736c26". This request might be from an older or newer deployment.
Read more: https://nextjs.org/docs/messages/failed-to-find-server-action]
[Error: Failed to find Server Action "40977c843f1e1040b2b7eefcca5a50647ee8293359". This request might be from an older or newer deployment.
Read more: https://nextjs.org/docs/messages/failed-to-find-server-action]
[Error: Failed to find Server Action "4069bc85932dc525b1fba1df1aff94d7e1ef60ffb8". This request might be from an older or newer deployment.
Read more: https://nextjs.org/docs/messages/failed-to-find-server-action]
[Error: Failed to find Server Action "4006abb74b69c6cb247602dad7da628cc106dae37c". This request might be from an older or newer deployment.
Read more: https://nextjs.org/docs/messages/failed-to-find-server-action]
[Error: Failed to find Server Action "600a58fa31dffd9beafc0e73978c6de34caa736c26". This request might be from an older or newer deployment.
Read more: https://nextjs.org/docs/messages/failed-to-find-server-action]
[Error: Failed to find Server Action "40977c843f1e1040b2b7eefcca5a50647ee8293359". This request might be from an older or newer deployment.
Read more: https://nextjs.org/docs/messages/failed-to-find-server-action]
[Error: Failed to find Server Action "4069bc85932dc525b1fba1df1aff94d7e1ef60ffb8". This request might be from an older or newer deployment.
Read more: https://nextjs.org/docs/messages/failed-to-find-server-action]
[Error: Failed to find Server Action "4006abb74b69c6cb247602dad7da628cc106dae37c". This request might be from an older or newer deployment.
Read more: https://nextjs.org/docs/messages/failed-to-find-server-action]
[Error: Failed to find Server Action "600a58fa31dffd9beafc0e73978c6de34caa736c26". This request might be from an older or newer deployment.
Read more: https://nextjs.org/docs/messages/failed-to-find-server-action]
[Error: Failed to find Server Action "40977c843f1e1040b2b7eefcca5a50647ee8293359". This request might be from an older or newer deployment.
Read more: https://nextjs.org/docs/messages/failed-to-find-server-action]
[Error: Failed to find Server Action "4069bc85932dc525b1fba1df1aff94d7e1ef60ffb8". This request might be from an older or newer deployment.
Read more: https://nextjs.org/docs/messages/failed-to-find-server-action]
[Error: Failed to find Server Action "4006abb74b69c6cb247602dad7da628cc106dae37c". This request might be from an older or newer deployment.
Read more: https://nextjs.org/docs/messages/failed-to-find-server-action]
[Error: Failed to find Server Action "600a58fa31dffd9beafc0e73978c6de34caa736c26". This request might be from an older or newer deployment.
Read more: https://nextjs.org/docs/messages/failed-to-find-server-action]
[Error: Failed to find Server Action "40977c843f1e1040b2b7eefcca5a50647ee8293359". This request might be from an older or newer deployment.
Read more: https://nextjs.org/docs/messages/failed-to-find-server-action]
[Error: Failed to find Server Action "4069bc85932dc525b1fba1df1aff94d7e1ef60ffb8". This request might be from an older or newer deployment.
Read more: https://nextjs.org/docs/messages/failed-to-find-server-action]
[Error: Failed to find Server Action "4006abb74b69c6cb247602dad7da628cc106dae37c". This request might be from an older or newer deployment.
Read more: https://nextjs.org/docs/messages/failed-to-find-server-action]
[Error: Failed to find Server Action "600a58fa31dffd9beafc0e73978c6de34caa736c26". This request might be from an older or newer deployment.
Read more: https://nextjs.org/docs/messages/failed-to-find-server-action]
[Error: Failed to find Server Action "40977c843f1e1040b2b7eefcca5a50647ee8293359". This request might be from an older or newer deployment.
Read more: https://nextjs.org/docs/messages/failed-to-find-server-action]
[Error: Failed to find Server Action "4069bc85932dc525b1fba1df1aff94d7e1ef60ffb8". This request might be from an older or newer deployment.
Read more: https://nextjs.org/docs/messages/failed-to-find-server-action]
[Error: Failed to find Server Action "4006abb74b69c6cb247602dad7da628cc106dae37c". This request might be from an older or newer deployment.
Read more: https://nextjs.org/docs/messages/failed-to-find-server-action]
[Error: Failed to find Server Action "600a58fa31dffd9beafc0e73978c6de34caa736c26". This request might be from an older or newer deployment.
Read more: https://nextjs.org/docs/messages/failed-to-find-server-action]
[Error: Failed to find Server Action "40977c843f1e1040b2b7eefcca5a50647ee8293359". This request might be from an older or newer deployment.
Read more: https://nextjs.org/docs/messages/failed-to-find-server-action]
[Error: Failed to find Server Action "4069bc85932dc525b1fba1df1aff94d7e1ef60ffb8". This request might be from an older or newer deployment.
Read more: https://nextjs.org/docs/messages/failed-to-find-server-action]
[Error: Failed to find Server Action "4006abb74b69c6cb247602dad7da628cc106dae37c". This request might be from an older or newer deployment.
Read more: https://nextjs.org/docs/messages/failed-to-find-server-action]
[Error: Failed to find Server Action "40977c843f1e1040b2b7eefcca5a50647ee8293359". This request might be from an older or newer deployment.
Read more: https://nextjs.org/docs/messages/failed-to-find-server-action]
[Error: Failed to find Server Action "600a58fa31dffd9beafc0e73978c6de34caa736c26". This request might be from an older or newer deployment.
Read more: https://nextjs.org/docs/messages/failed-to-find-server-action]
[Error: Failed to find Server Action "4006abb74b69c6cb247602dad7da628cc106dae37c". This request might be from an older or newer deployment.
Read more: https://nextjs.org/docs/messages/failed-to-find-server-action]
[Error: Failed to find Server Action "4069bc85932dc525b1fba1df1aff94d7e1ef60ffb8". This request might be from an older or newer deployment.
Read more: https://nextjs.org/docs/messages/failed-to-find-server-action]
[Error: Failed to find Server Action "600a58fa31dffd9beafc0e73978c6de34caa736c26". This request might be from an older or newer deployment.
Read more: https://nextjs.org/docs/messages/failed-to-find-server-action]
[Error: Failed to find Server Action "4069bc85932dc525b1fba1df1aff94d7e1ef60ffb8". This request might be from an older or newer deployment.
Read more: https://nextjs.org/docs/messages/failed-to-find-server-action]
[Error: Failed to find Server Action "40977c843f1e1040b2b7eefcca5a50647ee8293359". This request might be from an older or newer deployment.
Read more: https://nextjs.org/docs/messages/failed-to-find-server-action]
[Error: Failed to find Server Action "4006abb74b69c6cb247602dad7da628cc106dae37c". This request might be from an older or newer deployment.
Read more: https://nextjs.org/docs/messages/failed-to-find-server-action]
[Error: Failed to find Server Action "600a58fa31dffd9beafc0e73978c6de34caa736c26". This request might be from an older or newer deployment.
Read more: https://nextjs.org/docs/messages/failed-to-find-server-action]
[Error: Failed to find Server Action "40977c843f1e1040b2b7eefcca5a50647ee8293359". This request might be from an older or newer deployment.
Read more: https://nextjs.org/docs/messages/failed-to-find-server-action]
[Error: Failed to find Server Action "4069bc85932dc525b1fba1df1aff94d7e1ef60ffb8". This request might be from an older or newer deployment.
Read more: https://nextjs.org/docs/messages/failed-to-find-server-action]
[Error: Failed to find Server Action "4006abb74b69c6cb247602dad7da628cc106dae37c". This request might be from an older or newer deployment.
Read more: https://nextjs.org/docs/messages/failed-to-find-server-action]
[Error: Failed to find Server Action "600a58fa31dffd9beafc0e73978c6de34caa736c26". This request might be from an older or newer deployment.
Read more: https://nextjs.org/docs/messages/failed-to-find-server-action]
[Error: Failed to find Server Action "40977c843f1e1040b2b7eefcca5a50647ee8293359". This request might be from an older or newer deployment.
Read more: https://nextjs.org/docs/messages/failed-to-find-server-action]
[Error: Failed to find Server Action "4069bc85932dc525b1fba1df1aff94d7e1ef60ffb8". This request might be from an older or newer deployment.
Read more: https://nextjs.org/docs/messages/failed-to-find-server-action]
[Error: Failed to find Server Action "4006abb74b69c6cb247602dad7da628cc106dae37c". This request might be from an older or newer deployment.
Read more: https://nextjs.org/docs/messages/failed-to-find-server-action]
[Error: Failed to find Server Action "600a58fa31dffd9beafc0e73978c6de34caa736c26". This request might be from an older or newer deployment.
Read more: https://nextjs.org/docs/messages/failed-to-find-server-action]
[Error: Failed to find Server Action "40977c843f1e1040b2b7eefcca5a50647ee8293359". This request might be from an older or newer deployment.
Read more: https://nextjs.org/docs/messages/failed-to-find-server-action]
[Error: Failed to find Server Action "4069bc85932dc525b1fba1df1aff94d7e1ef60ffb8". This request might be from an older or newer deployment.
Read more: https://nextjs.org/docs/messages/failed-to-find-server-action]
[Error: Failed to find Server Action "4006abb74b69c6cb247602dad7da628cc106dae37c". This request might be from an older or newer deployment.
Read more: https://nextjs.org/docs/messages/failed-to-find-server-action]
[Error: Failed to find Server Action "600a58fa31dffd9beafc0e73978c6de34caa736c26". This request might be from an older or newer deployment.
Read more: https://nextjs.org/docs/messages/failed-to-find-server-action]
[Error: Failed to find Server Action "40977c843f1e1040b2b7eefcca5a50647ee8293359". This request might be from an older or newer deployment.
Read more: https://nextjs.org/docs/messages/failed-to-find-server-action]
[Error: Failed to find Server Action "4069bc85932dc525b1fba1df1aff94d7e1ef60ffb8". This request might be from an older or newer deployment.
Read more: https://nextjs.org/docs/messages/failed-to-find-server-action]
[Error: Failed to find Server Action "4006abb74b69c6cb247602dad7da628cc106dae37c". This request might be from an older or newer deployment.
Read more: https://nextjs.org/docs/messages/failed-to-find-server-action]
[Error: Failed to find Server Action "600a58fa31dffd9beafc0e73978c6de34caa736c26". This request might be from an older or newer deployment.
Read more: https://nextjs.org/docs/messages/failed-to-find-server-action]
[Error: Failed to find Server Action "40977c843f1e1040b2b7eefcca5a50647ee8293359". This request might be from an older or newer deployment.
Read more: https://nextjs.org/docs/messages/failed-to-find-server-action]
[Error: Failed to find Server Action "4069bc85932dc525b1fba1df1aff94d7e1ef60ffb8". This request might be from an older or newer deployment.
Read more: https://nextjs.org/docs/messages/failed-to-find-server-action]
[Error: Failed to find Server Action "4006abb74b69c6cb247602dad7da628cc106dae37c". This request might be from an older or newer deployment.
Read more: https://nextjs.org/docs/messages/failed-to-find-server-action]
[Error: Failed to find Server Action "600a58fa31dffd9beafc0e73978c6de34caa736c26". This request might be from an older or newer deployment.
Read more: https://nextjs.org/docs/messages/failed-to-find-server-action]
[Error: Failed to find Server Action "40977c843f1e1040b2b7eefcca5a50647ee8293359". This request might be from an older or newer deployment.
Read more: https://nextjs.org/docs/messages/failed-to-find-server-action]
[Error: Failed to find Server Action "4069bc85932dc525b1fba1df1aff94d7e1ef60ffb8". This request might be from an older or newer deployment.
Read more: https://nextjs.org/docs/messages/failed-to-find-server-action]
[Error: Failed to find Server Action "4006abb74b69c6cb247602dad7da628cc106dae37c". This request might be from an older or newer deployment.
Read more: https://nextjs.org/docs/messages/failed-to-find-server-action]
[Error: Failed to find Server Action "600a58fa31dffd9beafc0e73978c6de34caa736c26". This request might be from an older or newer deployment.
Read more: https://nextjs.org/docs/messages/failed-to-find-server-action]
[Error: Failed to find Server Action "40977c843f1e1040b2b7eefcca5a50647ee8293359". This request might be from an older or newer deployment.
Read more: https://nextjs.org/docs/messages/failed-to-find-server-action]
[Error: Failed to find Server Action "4006abb74b69c6cb247602dad7da628cc106dae37c". This request might be from an older or newer deployment.
Read more: https://nextjs.org/docs/messages/failed-to-find-server-action]
[Error: Failed to find Server Action "4069bc85932dc525b1fba1df1aff94d7e1ef60ffb8". This request might be from an older or newer deployment.
Read more: https://nextjs.org/docs/messages/failed-to-find-server-action]
[Error: Failed to find Server Action "600a58fa31dffd9beafc0e73978c6de34caa736c26". This request might be from an older or newer deployment.
Read more: https://nextjs.org/docs/messages/failed-to-find-server-action]
[Error: Failed to find Server Action "40977c843f1e1040b2b7eefcca5a50647ee8293359". This request might be from an older or newer deployment.
Read more: https://nextjs.org/docs/messages/failed-to-find-server-action]
[Error: Failed to find Server Action "4069bc85932dc525b1fba1df1aff94d7e1ef60ffb8". This request might be from an older or newer deployment.
Read more: https://nextjs.org/docs/messages/failed-to-find-server-action]
[Error: Failed to find Server Action "4006abb74b69c6cb247602dad7da628cc106dae37c". This request might be from an older or newer deployment.
Read more: https://nextjs.org/docs/messages/failed-to-find-server-action]
[Error: Failed to find Server Action "600a58fa31dffd9beafc0e73978c6de34caa736c26". This request might be from an older or newer deployment.
Read more: https://nextjs.org/docs/messages/failed-to-find-server-action]
[Error: Failed to find Server Action "40977c843f1e1040b2b7eefcca5a50647ee8293359". This request might be from an older or newer deployment.
Read more: https://nextjs.org/docs/messages/failed-to-find-server-action]
[Error: Failed to find Server Action "4069bc85932dc525b1fba1df1aff94d7e1ef60ffb8". This request might be from an older or newer deployment.
Read more: https://nextjs.org/docs/messages/failed-to-find-server-action]
[Error: Failed to find Server Action "4006abb74b69c6cb247602dad7da628cc106dae37c". This request might be from an older or newer deployment.
Read more: https://nextjs.org/docs/messages/failed-to-find-server-action]
[Error: Failed to find Server Action "600a58fa31dffd9beafc0e73978c6de34caa736c26". This request might be from an older or newer deployment.
Read more: https://nextjs.org/docs/messages/failed-to-find-server-action]
[Error: Failed to find Server Action "40977c843f1e1040b2b7eefcca5a50647ee8293359". This request might be from an older or newer deployment.
Read more: https://nextjs.org/docs/messages/failed-to-find-server-action]
[Error: Failed to find Server Action "4069bc85932dc525b1fba1df1aff94d7e1ef60ffb8". This request might be from an older or newer deployment.
Read more: https://nextjs.org/docs/messages/failed-to-find-server-action]
[Error: Failed to find Server Action "4006abb74b69c6cb247602dad7da628cc106dae37c". This request might be from an older or newer deployment.
Read more: https://nextjs.org/docs/messages/failed-to-find-server-action]
[Error: Failed to find Server Action "600a58fa31dffd9beafc0e73978c6de34caa736c26". This request might be from an older or newer deployment.
Read more: https://nextjs.org/docs/messages/failed-to-find-server-action]
[Error: Failed to find Server Action "40977c843f1e1040b2b7eefcca5a50647ee8293359". This request might be from an older or newer deployment.
Read more: https://nextjs.org/docs/messages/failed-to-find-server-action]
[Error: Failed to find Server Action "4069bc85932dc525b1fba1df1aff94d7e1ef60ffb8". This request might be from an older or newer deployment.
Read more: https://nextjs.org/docs/messages/failed-to-find-server-action]
[Error: Failed to find Server Action "4006abb74b69c6cb247602dad7da628cc106dae37c". This request might be from an older or newer deployment.
Read more: https://nextjs.org/docs/messages/failed-to-find-server-action]
[Error: Failed to find Server Action "600a58fa31dffd9beafc0e73978c6de34caa736c26". This request might be from an older or newer deployment.
Read more: https://nextjs.org/docs/messages/failed-to-find-server-action]
[Error: Failed to find Server Action "40977c843f1e1040b2b7eefcca5a50647ee8293359". This request might be from an older or newer deployment.
Read more: https://nextjs.org/docs/messages/failed-to-find-server-action]
[Error: Failed to find Server Action "4069bc85932dc525b1fba1df1aff94d7e1ef60ffb8". This request might be from an older or newer deployment.
Read more: https://nextjs.org/docs/messages/failed-to-find-server-action]
[Error: Failed to find Server Action "4006abb74b69c6cb247602dad7da628cc106dae37c". This request might be from an older or newer deployment.
Read more: https://nextjs.org/docs/messages/failed-to-find-server-action]
[Error: Failed to find Server Action "600a58fa31dffd9beafc0e73978c6de34caa736c26". This request might be from an older or newer deployment.
Read more: https://nextjs.org/docs/messages/failed-to-find-server-action]
[Error: Failed to find Server Action "40977c843f1e1040b2b7eefcca5a50647ee8293359". This request might be from an older or newer deployment.
Read more: https://nextjs.org/docs/messages/failed-to-find-server-action]
[Error: Failed to find Server Action "4069bc85932dc525b1fba1df1aff94d7e1ef60ffb8". This request might be from an older or newer deployment.
Read more: https://nextjs.org/docs/messages/failed-to-find-server-action]
[Error: Failed to find Server Action "4006abb74b69c6cb247602dad7da628cc106dae37c". This request might be from an older or newer deployment.
Read more: https://nextjs.org/docs/messages/failed-to-find-server-action]
[Error: Failed to find Server Action "600a58fa31dffd9beafc0e73978c6de34caa736c26". This request might be from an older or newer deployment.
Read more: https://nextjs.org/docs/messages/failed-to-find-server-action]
[Error: Failed to find Server Action "40977c843f1e1040b2b7eefcca5a50647ee8293359". This request might be from an older or newer deployment.
Read more: https://nextjs.org/docs/messages/failed-to-find-server-action]
[Error: Failed to find Server Action "4069bc85932dc525b1fba1df1aff94d7e1ef60ffb8". This request might be from an older or newer deployment.
Read more: https://nextjs.org/docs/messages/failed-to-find-server-action]
[Error: Failed to find Server Action "4006abb74b69c6cb247602dad7da628cc106dae37c". This request might be from an older or newer deployment.
Read more: https://nextjs.org/docs/messages/failed-to-find-server-action]
[Error: Failed to find Server Action "600a58fa31dffd9beafc0e73978c6de34caa736c26". This request might be from an older or newer deployment.
Read more: https://nextjs.org/docs/messages/failed-to-find-server-action]
[Error: Failed to find Server Action "40977c843f1e1040b2b7eefcca5a50647ee8293359". This request might be from an older or newer deployment.
Read more: https://nextjs.org/docs/messages/failed-to-find-server-action]
[Error: Failed to find Server Action "4069bc85932dc525b1fba1df1aff94d7e1ef60ffb8". This request might be from an older or newer deployment.
Read more: https://nextjs.org/docs/messages/failed-to-find-server-action]
[Error: Failed to find Server Action "4006abb74b69c6cb247602dad7da628cc106dae37c". This request might be from an older or newer deployment.
Read more: https://nextjs.org/docs/messages/failed-to-find-server-action]
[Error: Failed to find Server Action "600a58fa31dffd9beafc0e73978c6de34caa736c26". This request might be from an older or newer deployment.
Read more: https://nextjs.org/docs/messages/failed-to-find-server-action]
[Error: Failed to find Server Action "40977c843f1e1040b2b7eefcca5a50647ee8293359". This request might be from an older or newer deployment.
Read more: https://nextjs.org/docs/messages/failed-to-find-server-action]
[Error: Failed to find Server Action "4069bc85932dc525b1fba1df1aff94d7e1ef60ffb8". This request might be from an older or newer deployment.
Read more: https://nextjs.org/docs/messages/failed-to-find-server-action]
[Error: Failed to find Server Action "4006abb74b69c6cb247602dad7da628cc106dae37c". This request might be from an older or newer deployment.
Read more: https://nextjs.org/docs/messages/failed-to-find-server-action]
[Error: Failed to find Server Action "600a58fa31dffd9beafc0e73978c6de34caa736c26". This request might be from an older or newer deployment.
Read more: https://nextjs.org/docs/messages/failed-to-find-server-action]
[Error: Failed to find Server Action "40977c843f1e1040b2b7eefcca5a50647ee8293359". This request might be from an older or newer deployment.
Read more: https://nextjs.org/docs/messages/failed-to-find-server-action]
[Error: Failed to find Server Action "4069bc85932dc525b1fba1df1aff94d7e1ef60ffb8". This request might be from an older or newer deployment.
Read more: https://nextjs.org/docs/messages/failed-to-find-server-action]
[Error: Failed to find Server Action "4006abb74b69c6cb247602dad7da628cc106dae37c". This request might be from an older or newer deployment.
Read more: https://nextjs.org/docs/messages/failed-to-find-server-action]
[Error: Failed to find Server Action "40977c843f1e1040b2b7eefcca5a50647ee8293359". This request might be from an older or newer deployment.
Read more: https://nextjs.org/docs/messages/failed-to-find-server-action]
[Error: Failed to find Server Action "600a58fa31dffd9beafc0e73978c6de34caa736c26". This request might be from an older or newer deployment.
Read more: https://nextjs.org/docs/messages/failed-to-find-server-action]
[Error: Failed to find Server Action "4006abb74b69c6cb247602dad7da628cc106dae37c". This request might be from an older or newer deployment.
Read more: https://nextjs.org/docs/messages/failed-to-find-server-action]
[Error: Failed to find Server Action "4069bc85932dc525b1fba1df1aff94d7e1ef60ffb8". This request might be from an older or newer deployment.
Read more: https://nextjs.org/docs/messages/failed-to-find-server-action]
[Error: Failed to find Server Action "600a58fa31dffd9beafc0e73978c6de34caa736c26". This request might be from an older or newer deployment.
Read more: https://nextjs.org/docs/messages/failed-to-find-server-action]
[Error: Failed to find Server Action "40977c843f1e1040b2b7eefcca5a50647ee8293359". This request might be from an older or newer deployment.
Read more: https://nextjs.org/docs/messages/failed-to-find-server-action]
[Error: Failed to find Server Action "4069bc85932dc525b1fba1df1aff94d7e1ef60ffb8". This request might be from an older or newer deployment.
Read more: https://nextjs.org/docs/messages/failed-to-find-server-action]
[Error: Failed to find Server Action "4006abb74b69c6cb247602dad7da628cc106dae37c". This request might be from an older or newer deployment.
Read more: https://nextjs.org/docs/messages/failed-to-find-server-action]
[Error: Failed to find Server Action "600a58fa31dffd9beafc0e73978c6de34caa736c26". This request might be from an older or newer deployment.
Read more: https://nextjs.org/docs/messages/failed-to-find-server-action]
[Error: Failed to find Server Action "40977c843f1e1040b2b7eefcca5a50647ee8293359". This request might be from an older or newer deployment.
Read more: https://nextjs.org/docs/messages/failed-to-find-server-action]
[Error: Failed to find Server Action "4069bc85932dc525b1fba1df1aff94d7e1ef60ffb8". This request might be from an older or newer deployment.
Read more: https://nextjs.org/docs/messages/failed-to-find-server-action]
[Error: Failed to find Server Action "4006abb74b69c6cb247602dad7da628cc106dae37c". This request might be from an older or newer deployment.
Read more: https://nextjs.org/docs/messages/failed-to-find-server-action]
[Error: Failed to find Server Action "600a58fa31dffd9beafc0e73978c6de34caa736c26". This request might be from an older or newer deployment.
Read more: https://nextjs.org/docs/messages/failed-to-find-server-action]
[Error: Failed to find Server Action "40977c843f1e1040b2b7eefcca5a50647ee8293359". This request might be from an older or newer deployment.
Read more: https://nextjs.org/docs/messages/failed-to-find-server-action]
[Error: Failed to find Server Action "4069bc85932dc525b1fba1df1aff94d7e1ef60ffb8". This request might be from an older or newer deployment.
Read more: https://nextjs.org/docs/messages/failed-to-find-server-action]
[Error: Failed to find Server Action "4006abb74b69c6cb247602dad7da628cc106dae37c". This request might be from an older or newer deployment.
Read more: https://nextjs.org/docs/messages/failed-to-find-server-action]
[Error: Failed to find Server Action "600a58fa31dffd9beafc0e73978c6de34caa736c26". This request might be from an older or newer deployment.
Read more: https://nextjs.org/docs/messages/failed-to-find-server-action]
[Error: Failed to find Server Action "40977c843f1e1040b2b7eefcca5a50647ee8293359". This request might be from an older or newer deployment.
Read more: https://nextjs.org/docs/messages/failed-to-find-server-action]
[Error: Failed to find Server Action "4069bc85932dc525b1fba1df1aff94d7e1ef60ffb8". This request might be from an older or newer deployment.
Read more: https://nextjs.org/docs/messages/failed-to-find-server-action]
[Error: Failed to find Server Action "4006abb74b69c6cb247602dad7da628cc106dae37c". This request might be from an older or newer deployment.
Read more: https://nextjs.org/docs/messages/failed-to-find-server-action]
[Error: Failed to find Server Action "600a58fa31dffd9beafc0e73978c6de34caa736c26". This request might be from an older or newer deployment.
Read more: https://nextjs.org/docs/messages/failed-to-find-server-action]
[Error: Failed to find Server Action "40977c843f1e1040b2b7eefcca5a50647ee8293359". This request might be from an older or newer deployment.
Read more: https://nextjs.org/docs/messages/failed-to-find-server-action]
[Error: Failed to find Server Action "4069bc85932dc525b1fba1df1aff94d7e1ef60ffb8". This request might be from an older or newer deployment.
Read more: https://nextjs.org/docs/messages/failed-to-find-server-action]
[Error: Failed to find Server Action "4006abb74b69c6cb247602dad7da628cc106dae37c". This request might be from an older or newer deployment.
Read more: https://nextjs.org/docs/messages/failed-to-find-server-action]
[Error: Failed to find Server Action "600a58fa31dffd9beafc0e73978c6de34caa736c26". This request might be from an older or newer deployment.
Read more: https://nextjs.org/docs/messages/failed-to-find-server-action]
[Error: Failed to find Server Action "4069bc85932dc525b1fba1df1aff94d7e1ef60ffb8". This request might be from an older or newer deployment.
Read more: https://nextjs.org/docs/messages/failed-to-find-server-action]
[Error: Failed to find Server Action "40977c843f1e1040b2b7eefcca5a50647ee8293359". This request might be from an older or newer deployment.
Read more: https://nextjs.org/docs/messages/failed-to-find-server-action]
[Error: Failed to find Server Action "4006abb74b69c6cb247602dad7da628cc106dae37c". This request might be from an older or newer deployment.
Read more: https://nextjs.org/docs/messages/failed-to-find-server-action]
